{
  "project_info": {
    "project_number": "512427451973",
    "project_id": "alaph-29f86",
    "storage_bucket": "alaph-29f86.appspot.com"
  },
  "client": [
    {
      "client_info": {
        "mobilesdk_app_id": "1:512427451973:android:5caf98f7ed133e04ab252c",
        "android_client_info": {
          "package_name": "com.thesis.alaph"
        }
      },
      "oauth_client": [
        {
          "client_id": "512427451973-bdrfuge9rnrp9a4gd6bng14aj152amuf.apps.googleusercontent.com",
          "client_type": 1,
          "android_info": {
            "package_name": "com.thesis.alaph",
            "certificate_hash": "0b05eb9225b04a065e9f5e19e701d1b389da8dba"
          }
        },
        {
          "client_id": "512427451973-akc8p7u377adm4bm42dvjg35u5jcjf1u.apps.googleusercontent.com",
          "client_type": 3
        }
      ],
      "api_key": [
        {
          "current_key": "AIzaSyCbMFiOIAdneL2CIGJtr3j3M2c-Vj1r5Is"
        }
      ],
      "services": {
        "appinvite_service": {
          "other_platform_oauth_client": [
            {
              "client_id": "512427451973-akc8p7u377adm4bm42dvjg35u5jcjf1u.apps.googleusercontent.com",
              "client_type": 3
            }
          ]
        }
      }
    }
  ],
  "configuration_version": "1"
}