{"v":"5.7.4","fr":29.9700012207031,"ip":0,"op":151.000006150356,"w":1000,"h":1000,"nm":"loote phone ingo","ddd":0,"assets":[],"layers":[{"ddd":0,"ind":1,"ty":4,"nm":"Mobile on hand top","parent":6,"sr":1,"ks":{"o":{"a":0,"k":100,"ix":11},"r":{"a":0,"k":0,"ix":10},"p":{"a":0,"k":[1042.684,606.898,0],"ix":2,"l":2},"a":{"a":0,"k":[169,320.5,0],"ix":1,"l":2},"s":{"a":0,"k":[100,100,100],"ix":6,"l":2}},"ao":0,"shapes":[{"ty":"gr","it":[{"ind":0,"ty":"sh","ix":1,"ks":{"a":0,"k":{"i":[[9.285,7.825],[-22.869,24.297],[-17.841,-1.579],[-10.888,-16.2],[0,0],[26.942,3.665]],"o":[[-13.104,-11.045],[12.275,-13.041],[12.896,1.141],[25.405,37.796],[0,0],[-12.032,-1.637]],"v":[[-42.842,27.991],[-44.142,-25.707],[3.427,-44.332],[41.606,-21.363],[24.741,40.158],[-10.078,42.246]],"c":true},"ix":2},"nm":"Path 1","mn":"ADBE Vector Shape - Group","hd":false},{"ty":"fl","c":{"a":0,"k":[0.984000052658,0.819999964097,0.685999971278,1],"ix":4},"o":{"a":0,"k":100,"ix":5},"r":1,"bm":0,"nm":"Fill 1","mn":"ADBE Vector Graphic - Fill","hd":false},{"ty":"tr","p":{"a":0,"k":[108.103,571.602],"ix":2},"a":{"a":0,"k":[0,0],"ix":1},"s":{"a":0,"k":[100,100],"ix":3},"r":{"a":0,"k":0,"ix":6},"o":{"a":0,"k":100,"ix":7},"sk":{"a":0,"k":0,"ix":4},"sa":{"a":0,"k":0,"ix":5},"nm":"Transform"}],"nm":"Group 1","np":2,"cix":2,"bm":0,"ix":1,"mn":"ADBE Vector Group","hd":false},{"ty":"gr","it":[{"ind":0,"ty":"sh","ix":1,"ks":{"a":0,"k":{"i":[[0,0],[-20.273,-36.955],[12.141,0.787]],"o":[[0,0],[20.274,36.955],[-12.141,-0.787]],"v":[[-37.184,-38.794],[16.91,-12.051],[-13.424,48.22]],"c":true},"ix":2},"nm":"Path 1","mn":"ADBE Vector Shape - Group","hd":false},{"ty":"fl","c":{"a":0,"k":[0.910000011968,0.532999973671,0.380000005984,1],"ix":4},"o":{"a":0,"k":100,"ix":5},"r":1,"bm":0,"nm":"Fill 1","mn":"ADBE Vector Graphic - Fill","hd":false},{"ty":"tr","p":{"a":0,"k":[139.741,565.983],"ix":2},"a":{"a":0,"k":[0,0],"ix":1},"s":{"a":0,"k":[100,100],"ix":3},"r":{"a":0,"k":0,"ix":6},"o":{"a":0,"k":100,"ix":7},"sk":{"a":0,"k":0,"ix":4},"sa":{"a":0,"k":0,"ix":5},"nm":"Transform"}],"nm":"Group 2","np":2,"cix":2,"bm":0,"ix":2,"mn":"ADBE Vector Group","hd":false},{"ty":"gr","it":[{"ind":0,"ty":"sh","ix":1,"ks":{"a":0,"k":{"i":[[12.032,5.679],[-17.391,32.158],[-19.338,3.341],[-16.083,-14.096],[0,0],[29.563,-3.69]],"o":[[-16.981,-8.015],[9.336,-17.261],[13.979,-2.415],[37.528,32.892],[0,0],[-13.203,1.648]],"v":[[-39.618,42.237],[-56.086,-14.267],[-10.94,-47.36],[35.948,-33.764],[35.377,36.132],[-0.913,48.128]],"c":true},"ix":2},"nm":"Path 1","mn":"ADBE Vector Shape - Group","hd":false},{"ty":"fl","c":{"a":0,"k":[0.984000052658,0.819999964097,0.685999971278,1],"ix":4},"o":{"a":0,"k":100,"ix":5},"r":1,"bm":0,"nm":"Fill 1","mn":"ADBE Vector Graphic - Fill","hd":false},{"ty":"tr","p":{"a":0,"k":[122.923,352.704],"ix":2},"a":{"a":0,"k":[0,0],"ix":1},"s":{"a":0,"k":[100,100],"ix":3},"r":{"a":0,"k":0,"ix":6},"o":{"a":0,"k":100,"ix":7},"sk":{"a":0,"k":0,"ix":4},"sa":{"a":0,"k":0,"ix":5},"nm":"Transform"}],"nm":"Group 3","np":2,"cix":2,"bm":0,"ix":3,"mn":"ADBE Vector Group","hd":false},{"ty":"gr","it":[{"ind":0,"ty":"sh","ix":1,"ks":{"a":0,"k":{"i":[[0,0],[-31.856,-33.441],[13.08,-2.58]],"o":[[0,0],[31.856,33.442],[-13.08,2.578]],"v":[[-48.33,-33.868],[16.474,-20.747],[1.286,51.609]],"c":true},"ix":2},"nm":"Path 1","mn":"ADBE Vector Shape - Group","hd":false},{"ty":"fl","c":{"a":0,"k":[0.910000011968,0.532999973671,0.380000005984,1],"ix":4},"o":{"a":0,"k":100,"ix":5},"r":1,"bm":0,"nm":"Fill 1","mn":"ADBE Vector Graphic - Fill","hd":false},{"ty":"tr","p":{"a":0,"k":[150.787,341.647],"ix":2},"a":{"a":0,"k":[0,0],"ix":1},"s":{"a":0,"k":[100,100],"ix":3},"r":{"a":0,"k":0,"ix":6},"o":{"a":0,"k":100,"ix":7},"sk":{"a":0,"k":0,"ix":4},"sa":{"a":0,"k":0,"ix":5},"nm":"Transform"}],"nm":"Group 4","np":2,"cix":2,"bm":0,"ix":4,"mn":"ADBE Vector Group","hd":false},{"ty":"gr","it":[{"ind":0,"ty":"sh","ix":1,"ks":{"a":0,"k":{"i":[[14.241,4.328],[-14.018,38.42],[-20.86,6.843],[-20.094,-12.986],[0,0],[32.119,-8.893]],"o":[[-20.098,-6.107],[7.524,-20.623],[15.079,-4.946],[46.884,30.298],[0,0],[-14.344,3.97]],"v":[[-38.361,52.532],[-65.777,-7.326],[-21.196,-51.296],[32.911,-43.875],[43.647,33.576],[5.436,52.757]],"c":true},"ix":2},"nm":"Path 1","mn":"ADBE Vector Shape - Group","hd":false},{"ty":"fl","c":{"a":0,"k":[0.984000052658,0.819999964097,0.685999971278,1],"ix":4},"o":{"a":0,"k":100,"ix":5},"r":1,"bm":0,"nm":"Fill 1","mn":"ADBE Vector Graphic - Fill","hd":false},{"ty":"tr","p":{"a":0,"k":[135.352,121.5],"ix":2},"a":{"a":0,"k":[0,0],"ix":1},"s":{"a":0,"k":[100,100],"ix":3},"r":{"a":0,"k":0,"ix":6},"o":{"a":0,"k":100,"ix":7},"sk":{"a":0,"k":0,"ix":4},"sa":{"a":0,"k":0,"ix":5},"nm":"Transform"}],"nm":"Group 5","np":2,"cix":2,"bm":0,"ix":5,"mn":"ADBE Vector Group","hd":false},{"ty":"gr","it":[{"ind":0,"ty":"sh","ix":1,"ks":{"a":0,"k":{"i":[[0,0],[-40.696,-31.83],[14.057,-4.981]],"o":[[0,0],[40.697,31.83],[-14.057,4.982]],"v":[[-57.277,-31.833],[16.58,-27.852],[11.539,54.7]],"c":true},"ix":2},"nm":"Path 1","mn":"ADBE Vector Shape - Group","hd":false},{"ty":"fl","c":{"a":0,"k":[0.910000011968,0.532999973671,0.380000005984,1],"ix":4},"o":{"a":0,"k":100,"ix":5},"r":1,"bm":0,"nm":"Fill 1","mn":"ADBE Vector Graphic - Fill","hd":false},{"ty":"tr","p":{"a":0,"k":[161.287,106.282],"ix":2},"a":{"a":0,"k":[0,0],"ix":1},"s":{"a":0,"k":[100,100],"ix":3},"r":{"a":0,"k":0,"ix":6},"o":{"a":0,"k":100,"ix":7},"sk":{"a":0,"k":0,"ix":4},"sa":{"a":0,"k":0,"ix":5},"nm":"Transform"}],"nm":"Group 6","np":2,"cix":2,"bm":0,"ix":6,"mn":"ADBE Vector Group","hd":false},{"ty":"gr","it":[{"ind":0,"ty":"sh","ix":1,"ks":{"a":0,"k":{"i":[[-21.204,-85.634],[64.714,-11.986],[9.226,70.378]],"o":[[12.366,40.633],[-64.714,11.983],[-14.282,-80.831]],"v":[[101.625,-15.142],[24.597,84.87],[-99.708,30.397]],"c":true},"ix":2},"nm":"Path 1","mn":"ADBE Vector Shape - Group","hd":false},{"ty":"fl","c":{"a":0,"k":[1,0.698000021542,0.592000026329,1],"ix":4},"o":{"a":0,"k":100,"ix":5},"r":1,"bm":0,"nm":"Fill 1","mn":"ADBE Vector Graphic - Fill","hd":false},{"ty":"tr","p":{"a":0,"k":[137.35,539.703],"ix":2},"a":{"a":0,"k":[0,0],"ix":1},"s":{"a":0,"k":[100,100],"ix":3},"r":{"a":0,"k":0,"ix":6},"o":{"a":0,"k":100,"ix":7},"sk":{"a":0,"k":0,"ix":4},"sa":{"a":0,"k":0,"ix":5},"nm":"Transform"}],"nm":"Group 7","np":2,"cix":2,"bm":0,"ix":7,"mn":"ADBE Vector Group","hd":false},{"ty":"gr","it":[{"ind":0,"ty":"sh","ix":1,"ks":{"a":0,"k":{"i":[[-38.35,-45.539],[36.62,117.957],[-52.731,31.159]],"o":[[86.396,91.292],[-23.967,-62.319],[52.73,-31.159]],"v":[[70.547,-93.527],[-132.976,21.108],[-65.863,-105.923]],"c":true},"ix":2},"nm":"Path 1","mn":"ADBE Vector Shape - Group","hd":false},{"ty":"fl","c":{"a":0,"k":[1,0.698000021542,0.592000026329,1],"ix":4},"o":{"a":0,"k":100,"ix":5},"r":1,"bm":0,"nm":"Fill 1","mn":"ADBE Vector Graphic - Fill","hd":false},{"ty":"tr","p":{"a":0,"k":[180.202,362.041],"ix":2},"a":{"a":0,"k":[0,0],"ix":1},"s":{"a":0,"k":[100,100],"ix":3},"r":{"a":0,"k":0,"ix":6},"o":{"a":0,"k":100,"ix":7},"sk":{"a":0,"k":0,"ix":4},"sa":{"a":0,"k":0,"ix":5},"nm":"Transform"}],"nm":"Group 8","np":2,"cix":2,"bm":0,"ix":8,"mn":"ADBE Vector Group","hd":false},{"ty":"gr","it":[{"ind":0,"ty":"sh","ix":1,"ks":{"a":0,"k":{"i":[[-52.2,23.573],[-19.522,-54.873],[47.936,-31.159],[35.953,50.334]],"o":[[26.859,-10.781],[27.751,78.001],[-47.938,31.158],[-61.359,-89.84]],"v":[[18.914,-100.376],[116.272,-49.431],[53.956,65.616],[-82.664,60.822]],"c":true},"ix":2},"nm":"Path 1","mn":"ADBE Vector Shape - Group","hd":false},{"ty":"fl","c":{"a":0,"k":[1,0.698000021542,0.592000026329,1],"ix":4},"o":{"a":0,"k":100,"ix":5},"r":1,"bm":0,"nm":"Fill 1","mn":"ADBE Vector Graphic - Fill","hd":false},{"ty":"tr","p":{"a":0,"k":[144.273,111.407],"ix":2},"a":{"a":0,"k":[0,0],"ix":1},"s":{"a":0,"k":[100,100],"ix":3},"r":{"a":0,"k":0,"ix":6},"o":{"a":0,"k":100,"ix":7},"sk":{"a":0,"k":0,"ix":4},"sa":{"a":0,"k":0,"ix":5},"nm":"Transform"}],"nm":"Group 9","np":2,"cix":2,"bm":0,"ix":9,"mn":"ADBE Vector Group","hd":false}],"ip":3.00000012219251,"op":151.000006150356,"st":3.00000012219251,"bm":0},{"ddd":0,"ind":2,"ty":4,"nm":"human 4","sr":1,"ks":{"o":{"a":0,"k":100,"ix":11},"r":{"a":0,"k":0,"ix":10},"p":{"a":1,"k":[{"i":{"x":0.667,"y":1},"o":{"x":0.333,"y":0},"t":82,"s":[436.22,732.1,0],"to":[0,0,0],"ti":[0,0,0]},{"t":102.000004154545,"s":[684.62,828.7,0]}],"ix":2,"l":2},"a":{"a":0,"k":[228.316,228.316,0],"ix":1,"l":2},"s":{"a":1,"k":[{"i":{"x":[0.44,0.44,0.667],"y":[1,1,1]},"o":{"x":[0.333,0.333,0.333],"y":[0,0,0]},"t":35,"s":[0,0,100]},{"i":{"x":[0,0,0.667],"y":[1,1,1]},"o":{"x":[0.333,0.333,0.333],"y":[0,0,0]},"t":41,"s":[17.94,17.94,100]},{"i":{"x":[0.768,0.768,0.667],"y":[1,1,1]},"o":{"x":[0.333,0.333,0.333],"y":[0,0,0]},"t":42,"s":[22.08,22.08,100]},{"i":{"x":[0.297,0.297,0.667],"y":[1,1,1]},"o":{"x":[0.333,0.333,0.333],"y":[0,0,0]},"t":46,"s":[20.24,20.24,100]},{"i":{"x":[0.667,0.667,0.667],"y":[1,1,1]},"o":{"x":[0.333,0.333,0.333],"y":[0,0,0]},"t":50,"s":[23,23,100]},{"i":{"x":[0.084,0.084,0.667],"y":[1,1,1]},"o":{"x":[0.333,0.333,0.333],"y":[0,0,0]},"t":82,"s":[23,23,100]},{"t":102.060004156989,"s":[46,46,100]}],"ix":6,"l":2}},"ao":0,"shapes":[{"ty":"gr","it":[{"ind":0,"ty":"sh","ix":1,"ks":{"a":0,"k":{"i":[[31.854,-11.909],[0,0],[-11.464,17.86],[-5.445,11.806],[0,0]],"o":[[20.905,17.353],[10.567,-11.312],[8.789,-13.694],[0,0],[0,0]],"v":[[-41.931,2.701],[-13.062,54.909],[20.784,11.336],[41.931,-27.288],[13.049,-54.909]],"c":true},"ix":2},"nm":"Path 1","mn":"ADBE Vector Shape - Group","hd":false},{"ty":"fl","c":{"a":0,"k":[0.819999964097,0.827000038297,0.830999995213,1],"ix":4},"o":{"a":0,"k":100,"ix":5},"r":1,"bm":0,"nm":"Fill 1","mn":"ADBE Vector Graphic - Fill","hd":false},{"ty":"tr","p":{"a":0,"k":[270.006,393.67],"ix":2},"a":{"a":0,"k":[0,0],"ix":1},"s":{"a":0,"k":[100,100],"ix":3},"r":{"a":0,"k":0,"ix":6},"o":{"a":0,"k":100,"ix":7},"sk":{"a":0,"k":0,"ix":4},"sa":{"a":0,"k":0,"ix":5},"nm":"Transform"}],"nm":"Group 1","np":2,"cix":2,"bm":0,"ix":1,"mn":"ADBE Vector Group","hd":false},{"ty":"gr","it":[{"ind":0,"ty":"sh","ix":1,"ks":{"a":0,"k":{"i":[[0,0],[0,0],[0.605,-11.367],[0.028,-0.475],[8.75,-4.385],[14.485,-3.976],[-1.787,7.531],[-1.369,7.708],[0,0],[-0.428,2.681],[-0.819,6.861],[0,0],[0,0],[0,0],[0,0],[0,0],[0,0],[0,0],[0,0],[0,0]],"o":[[0,0],[-1.136,8.36],[-0.028,0.465],[-8.052,5.427],[-13.173,6.619],[2.309,-10.78],[1.908,-8.239],[0,0],[0.503,-2.793],[1.406,-8.518],[0,0],[0,0],[0,0],[0,0],[0,0],[0,0],[0,0],[0,0],[0,0],[0,0]],"v":[[34.724,-19.75],[34.724,-19.731],[32.155,10.05],[32.08,11.465],[6.852,26.211],[-34.724,42.167],[-28.58,13.522],[-23.627,-10.599],[-23.562,-10.664],[-22.166,-18.884],[-18.852,-42.148],[-18.852,-42.167],[-12.084,-38.731],[-4.589,-34.934],[-0.037,-32.625],[1.508,-31.852],[6.358,-29.422],[11.721,-27.598],[14.113,-26.778],[20.471,-24.609]],"c":true},"ix":2},"nm":"Path 1","mn":"ADBE Vector Shape - Group","hd":false},{"ty":"fl","c":{"a":0,"k":[0.051000000449,0.545000023935,0.569000004787,1],"ix":4},"o":{"a":0,"k":100,"ix":5},"r":1,"bm":0,"nm":"Fill 1","mn":"ADBE Vector Graphic - Fill","hd":false},{"ty":"tr","p":{"a":0,"k":[323.564,406.088],"ix":2},"a":{"a":0,"k":[0,0],"ix":1},"s":{"a":0,"k":[100,100],"ix":3},"r":{"a":0,"k":0,"ix":6},"o":{"a":0,"k":100,"ix":7},"sk":{"a":0,"k":0,"ix":4},"sa":{"a":0,"k":0,"ix":5},"nm":"Transform"}],"nm":"Group 2","np":2,"cix":2,"bm":0,"ix":2,"mn":"ADBE Vector Group","hd":false},{"ty":"gr","it":[{"ind":0,"ty":"sh","ix":1,"ks":{"a":0,"k":{"i":[[0,0],[0,0],[3.435,-21.579],[14.485,-3.976],[20.881,-0.019],[0,0],[0,0],[0,0],[-6.563,-1.433],[-6.674,-3.537],[-1.462,-1.993],[0,0],[0,0],[0,0],[0,0],[0,0],[0,0],[0,0],[0,0]],"o":[[0,0],[-1.499,11.963],[-13.173,6.619],[-19.205,5.278],[0,0],[0,0],[0,0],[0,0],[7.392,1.611],[2.998,1.583],[0,0],[0,0],[0,0],[0,0],[0,0],[0,0],[0,0],[0,0],[0,0]],"v":[[54.576,-25.406],[54.576,-25.396],[47.315,27.594],[5.739,43.549],[-54.576,51.676],[-54.558,5.995],[-54.549,-7.923],[-54.549,-8.35],[-43.033,-6.219],[-19.527,1.48],[-12.619,6.833],[-0.08,-51.677],[21.602,-40.766],[21.611,-40.766],[28.37,-37.341],[35.873,-33.552],[41.971,-30.469],[46.812,-28.021],[52.183,-26.216]],"c":true},"ix":2},"nm":"Path 1","mn":"ADBE Vector Shape - Group","hd":false},{"ty":"fl","c":{"a":0,"k":[0.481999984442,0.760999971278,0.838999968884,1],"ix":4},"o":{"a":0,"k":100,"ix":5},"r":1,"bm":0,"nm":"Fill 1","mn":"ADBE Vector Graphic - Fill","hd":false},{"ty":"tr","p":{"a":0,"k":[283.101,404.706],"ix":2},"a":{"a":0,"k":[0,0],"ix":1},"s":{"a":0,"k":[100,100],"ix":3},"r":{"a":0,"k":0,"ix":6},"o":{"a":0,"k":100,"ix":7},"sk":{"a":0,"k":0,"ix":4},"sa":{"a":0,"k":0,"ix":5},"nm":"Transform"}],"nm":"Group 3","np":2,"cix":2,"bm":0,"ix":3,"mn":"ADBE Vector Group","hd":false},{"ty":"gr","it":[{"ind":0,"ty":"sh","ix":1,"ks":{"a":0,"k":{"i":[[0,0],[10.017,-6.759],[8.75,-4.385],[14.485,-3.975],[20.881,-0.018],[0,0],[0,0],[0,0],[-0.205,-0.447],[-2.308,-3.788],[-5.064,-3.091],[-4.413,2.401],[0,0],[0,0],[0,0],[0,0],[0,0],[0,0],[0,0],[0,0],[0,0],[0,0],[0,0],[0,0],[0,0]],"o":[[-8.797,8.22],[-8.052,5.427],[-13.173,6.619],[-19.205,5.278],[0,0],[0,0],[0,0],[0,0],[0.632,1.387],[3.081,5.055],[3.845,2.355],[0,0],[0,0],[0,0],[0,0],[0,0],[0,0],[0,0],[0,0],[0,0],[0,0],[0,0],[0,0],[0,0],[0,0]],"v":[[77.691,-9.654],[49.428,12.847],[24.2,27.593],[-17.376,43.549],[-77.691,51.676],[-77.673,5.995],[-77.663,-7.923],[-77.663,-8.35],[-77.356,-7.662],[-72.823,0.856],[-60.311,14.867],[-47.799,15.575],[-42.642,1.48],[-23.195,-51.676],[-1.513,-40.766],[-1.504,-40.766],[5.255,-37.341],[12.758,-33.551],[18.856,-30.469],[23.697,-28.021],[29.068,-26.216],[31.461,-25.406],[37.819,-23.227],[52.063,-18.349],[52.072,-18.349]],"c":true},"ix":2},"nm":"Path 1","mn":"ADBE Vector Shape - Group","hd":false},{"ty":"fl","c":{"a":0,"k":[0.481999984442,0.760999971278,0.838999968884,1],"ix":4},"o":{"a":0,"k":100,"ix":5},"r":1,"bm":0,"nm":"Fill 1","mn":"ADBE Vector Graphic - Fill","hd":false},{"ty":"tr","p":{"a":0,"k":[306.216,404.706],"ix":2},"a":{"a":0,"k":[0,0],"ix":1},"s":{"a":0,"k":[100,100],"ix":3},"r":{"a":0,"k":0,"ix":6},"o":{"a":0,"k":100,"ix":7},"sk":{"a":0,"k":0,"ix":4},"sa":{"a":0,"k":0,"ix":5},"nm":"Transform"}],"nm":"Group 4","np":2,"cix":2,"bm":0,"ix":4,"mn":"ADBE Vector Group","hd":false},{"ty":"gr","it":[{"ind":0,"ty":"sh","ix":1,"ks":{"a":0,"k":{"i":[[0,0],[0,0],[-8.789,-13.693],[-10.563,-11.311],[-20.902,17.353]],"o":[[0,0],[5.442,11.807],[11.464,17.86],[0,0],[-31.855,-11.909]],"v":[[-12.919,-54.909],[-41.93,-27.288],[-20.783,11.336],[13.06,54.909],[41.93,2.701]],"c":true},"ix":2},"nm":"Path 1","mn":"ADBE Vector Shape - Group","hd":false},{"ty":"fl","c":{"a":0,"k":[1,1,1,1],"ix":4},"o":{"a":0,"k":100,"ix":5},"r":1,"bm":0,"nm":"Fill 1","mn":"ADBE Vector Graphic - Fill","hd":false},{"ty":"tr","p":{"a":0,"k":[186.145,393.669],"ix":2},"a":{"a":0,"k":[0,0],"ix":1},"s":{"a":0,"k":[100,100],"ix":3},"r":{"a":0,"k":0,"ix":6},"o":{"a":0,"k":100,"ix":7},"sk":{"a":0,"k":0,"ix":4},"sa":{"a":0,"k":0,"ix":5},"nm":"Transform"}],"nm":"Group 5","np":2,"cix":2,"bm":0,"ix":5,"mn":"ADBE Vector Group","hd":false},{"ty":"gr","it":[{"ind":0,"ty":"sh","ix":1,"ks":{"a":0,"k":{"i":[[-2.113,-9.71],[13.266,6.656],[8.043,5.427],[0.14,2.28],[0.949,6.925],[0,0],[0,0],[0,0],[0,0],[0,0],[0,0],[0,0],[0,0],[0,0],[0,0],[0,0],[-1.527,-9.002],[0,0],[-0.056,-0.308],[-0.652,-3.136],[-1.964,-8.109]],"o":[[-14.588,-3.975],[-8.732,-4.376],[-0.121,-2.421],[-0.596,-9.078],[0,0],[0,0],[0,0],[0,0],[0,0],[0,0],[0,0],[0,0],[0,0],[0,0],[0,0],[0.866,7.205],[0,0],[0.056,0.298],[0.484,3.007],[1.377,7.709],[1.676,6.889]],"v":[[34.85,42.204],[-7.006,26.174],[-32.196,11.446],[-32.587,4.39],[-34.85,-19.777],[-34.85,-19.787],[-25.95,-22.821],[-14.258,-26.806],[-10.3,-28.156],[-6.483,-29.459],[2.331,-33.9],[3.617,-34.552],[6.353,-35.939],[11.557,-38.573],[18.726,-42.204],[18.726,-42.194],[22.263,-17.627],[22.263,-17.618],[22.421,-16.715],[24.097,-7.434],[29.17,16.417]],"c":true},"ix":2},"nm":"Path 1","mn":"ADBE Vector Shape - Group","hd":false},{"ty":"fl","c":{"a":0,"k":[0.051000000449,0.6,0.658999992819,1],"ix":4},"o":{"a":0,"k":100,"ix":5},"r":1,"bm":0,"nm":"Fill 1","mn":"ADBE Vector Graphic - Fill","hd":false},{"ty":"tr","p":{"a":0,"k":[133.211,406.126],"ix":2},"a":{"a":0,"k":[0,0],"ix":1},"s":{"a":0,"k":[100,100],"ix":3},"r":{"a":0,"k":0,"ix":6},"o":{"a":0,"k":100,"ix":7},"sk":{"a":0,"k":0,"ix":4},"sa":{"a":0,"k":0,"ix":5},"nm":"Transform"}],"nm":"Group 6","np":2,"cix":2,"bm":0,"ix":6,"mn":"ADBE Vector Group","hd":false},{"ty":"gr","it":[{"ind":0,"ty":"sh","ix":1,"ks":{"a":0,"k":{"i":[[0,0],[19.121,5.233],[13.266,6.656],[1.499,11.962],[0,0],[0,0],[0,0],[0,0],[0,0],[0,0],[0,0],[0,0],[0,0],[0,0],[0,0],[0,0],[0,0],[0,0],[-3.006,1.582],[-6.768,1.601],[-0.447,0.056],[0,0],[0,0],[0,0],[0,0]],"o":[[-20.778,-0.019],[-14.588,-3.974],[-3.426,-21.57],[0,0],[0,0],[0,0],[0,0],[0,0],[0,0],[0,0],[0,0],[0,0],[0,0],[0,0],[0,0],[0,0],[0,0],[1.452,-1.993],[5.735,-3.035],[7.811,-1.871],[0.018,-0.008],[0,0],[0,0],[0,0],[0,0]],"v":[[54.572,51.676],[-5.464,43.623],[-47.32,27.594],[-54.572,-25.387],[-54.572,-25.406],[-50.615,-26.737],[-46.807,-28.021],[-37.983,-32.479],[-36.698,-33.133],[-33.961,-34.518],[-28.756,-37.145],[-28.756,-37.154],[-21.607,-40.766],[-21.589,-40.775],[0.028,-51.658],[0.074,-51.677],[1.146,-46.669],[12.623,6.833],[19.531,1.471],[39.797,-5.474],[54.526,-8.341],[54.552,-8.35],[54.552,-8.332],[54.563,6.479],[54.563,6.488]],"c":true},"ix":2},"nm":"Path 1","mn":"ADBE Vector Shape - Group","hd":false},{"ty":"fl","c":{"a":0,"k":[0.642999985639,0.842999985639,0.905999995213,1],"ix":4},"o":{"a":0,"k":100,"ix":5},"r":1,"bm":0,"nm":"Fill 1","mn":"ADBE Vector Graphic - Fill","hd":false},{"ty":"tr","p":{"a":0,"k":[173.525,404.706],"ix":2},"a":{"a":0,"k":[0,0],"ix":1},"s":{"a":0,"k":[100,100],"ix":3},"r":{"a":0,"k":0,"ix":6},"o":{"a":0,"k":100,"ix":7},"sk":{"a":0,"k":0,"ix":4},"sa":{"a":0,"k":0,"ix":5},"nm":"Transform"}],"nm":"Group 7","np":2,"cix":2,"bm":0,"ix":7,"mn":"ADBE Vector Group","hd":false},{"ty":"gr","it":[{"ind":0,"ty":"sh","ix":1,"ks":{"a":0,"k":{"i":[[0,0],[19.121,5.233],[13.266,6.656],[8.043,5.427],[8.807,8.22],[0,0],[0,0],[0,0],[0,0],[0,0],[0,0],[0,0],[0,0],[0,0],[0,0],[0,0],[0,0],[0,0],[0,0],[0,0],[0,0],[0,0],[0,0],[0,0],[-3.668,2.029],[-3.072,4.608],[-0.177,0.41],[0,0],[0,0],[0,0],[0,0],[0,0]],"o":[[-20.778,-0.019],[-14.588,-3.974],[-8.732,-4.376],[-10.036,-6.758],[0,0],[0,0],[0,0],[0,0],[0,0],[0,0],[0,0],[0,0],[0,0],[0,0],[0,0],[0,0],[0,0],[0,0],[0,0],[0,0],[0,0],[0,0],[0,0],[4.152,2.262],[4.525,-2.504],[3.854,-5.781],[0,0],[0.009,-0.01],[0,0],[0,0],[0,0],[0,0]],"v":[[77.692,51.676],[17.656,43.623],[-24.2,27.594],[-49.391,12.865],[-77.692,-9.645],[-52.063,-18.349],[-52.044,-18.358],[-43.144,-21.402],[-31.452,-25.406],[-27.495,-26.737],[-23.688,-28.021],[-14.863,-32.479],[-13.578,-33.133],[-10.841,-34.518],[-5.636,-37.145],[-5.636,-37.154],[1.513,-40.766],[1.531,-40.775],[23.148,-51.658],[23.194,-51.677],[25.512,-45.346],[25.512,-45.337],[42.651,1.471],[47.808,15.574],[59.641,15.267],[71.221,3.379],[77.663,-8.323],[77.663,-8.332],[77.672,-8.35],[77.672,-8.332],[77.682,6.479],[77.682,6.488]],"c":true},"ix":2},"nm":"Path 1","mn":"ADBE Vector Shape - Group","hd":false},{"ty":"fl","c":{"a":0,"k":[0.642999985639,0.842999985639,0.905999995213,1],"ix":4},"o":{"a":0,"k":100,"ix":5},"r":1,"bm":0,"nm":"Fill 1","mn":"ADBE Vector Graphic - Fill","hd":false},{"ty":"tr","p":{"a":0,"k":[150.405,404.706],"ix":2},"a":{"a":0,"k":[0,0],"ix":1},"s":{"a":0,"k":[100,100],"ix":3},"r":{"a":0,"k":0,"ix":6},"o":{"a":0,"k":100,"ix":7},"sk":{"a":0,"k":0,"ix":4},"sa":{"a":0,"k":0,"ix":5},"nm":"Transform"}],"nm":"Group 8","np":2,"cix":2,"bm":0,"ix":8,"mn":"ADBE Vector Group","hd":false},{"ty":"gr","it":[{"ind":0,"ty":"sh","ix":1,"ks":{"a":0,"k":{"i":[[0.149,-3.742],[13.07,-0.485],[0,0],[2.411,0.605],[4.245,11.051],[-1.201,2.095],[-13.592,0.502],[-4.516,-5.073]],"o":[[-0.624,15.174],[0,0],[-2.513,0],[-10.157,-2.56],[-0.912,-2.364],[3.715,-6.452],[11.162,-0.419],[2.271,2.542]],"v":[[75.699,-5.143],[48.441,18.95],[47.324,18.977],[39.905,18.065],[17.227,-3.356],[17.655,-9.9],[47.529,-21.918],[72.553,-14.481]],"c":true},"ix":2},"nm":"Path 1","mn":"ADBE Vector Shape - Group","hd":false},{"ind":1,"ty":"sh","ix":2,"ks":{"a":0,"k":{"i":[[0.772,-2.421],[10.008,-3.314],[2.513,-0.187],[0,0],[1.452,15.1],[-2.122,2.709],[-11.153,0.409],[-4.059,-6.173]],"o":[[-3.631,11.357],[-2.364,0.782],[0,0],[-13.08,0.484],[-0.354,-3.715],[4.227,-5.399],[13.591,-0.512],[1.313,1.993]],"v":[[-11.399,-2.294],[-32.867,20.774],[-40.221,22.236],[-41.329,22.301],[-69.853,0.275],[-67.228,-9.277],[-42.66,-18.558],[-12.191,-8.783]],"c":true},"ix":2},"nm":"Path 2","mn":"ADBE Vector Shape - Group","hd":false},{"ind":2,"ty":"sh","ix":3,"ks":{"a":0,"k":{"i":[[0,0],[0,0],[5.958,-0.084],[0,0],[8.071,-0.307],[6.376,-9.402],[0,0],[2.607,-0.112],[1.703,0.438],[1.796,0.94],[0,0],[13.062,-0.484],[9.802,-1.424],[2.309,-0.353],[1.489,-0.252],[0,0],[0,0],[0,0],[0,0],[0,0],[0,0],[0,0],[-0.14,-1.359],[-3.323,-4.319],[-11.106,0.418],[-0.438,0.037],[-2.877,0.959],[-4.423,13.814],[0.037,1.843],[-0.68,-0.122],[-1.388,0.047],[-2.365,0.819],[-0.717,-1.862],[-12.447,-3.137],[-3.063,0],[-0.456,0.008],[-5.726,12.185],[0,0],[-0.186,4.636],[0.158,1.304],[0,0]],"o":[[0,0],[0,0],[0,0],[-9.217,0.129],[-13.061,0.484],[0,0],[-3.687,2.262],[-1.377,0.047],[-1.536,-0.399],[0,0],[-6.898,-8.9],[-6.656,0.251],[-2.7,0.382],[-4.58,0.699],[-0.494,0.074],[0,0],[0,0],[0,0],[0,0],[0,0],[0,0],[-0.094,1.323],[0.623,6.451],[6.974,9.067],[0.456,-0.009],[3.062,-0.214],[12.27,-4.049],[0.605,-1.909],[0.717,0.195],[1.592,0.297],[1.992,-0.084],[0.056,1.843],[5.167,13.452],[2.941,0.745],[0.447,-0.009],[12.614,-0.476],[0,0],[1.713,-3.668],[0.056,-1.368],[0,0],[0,0]],"v":[[90.659,-23.585],[88.174,-30.753],[77.98,-30.622],[77.906,-30.622],[47.315,-29.962],[12.312,-15.356],[12.107,-15.747],[2.648,-12.516],[-1.978,-13.066],[-6.977,-15.039],[-7.145,-14.639],[-42.884,-26.601],[-70.802,-23.455],[-78.381,-22.329],[-88.015,-20.801],[-88.779,-20.68],[-90.659,-10.822],[-90.529,-10.747],[-86.014,-8.094],[-84.822,-7.406],[-78.762,-3.849],[-77.095,-2.872],[-77.058,1.15],[-70.859,17.311],[-41.115,30.335],[-39.774,30.26],[-30.819,28.482],[-4.566,0.378],[-3.719,-5.264],[-1.615,-4.789],[2.863,-4.426],[9.398,-5.757],[10.552,-0.181],[38.276,25.913],[47.315,27.03],[48.665,27.003],[79.982,7.667],[79.982,7.658],[82.942,-4.808],[82.756,-8.821],[89.719,-21.826]],"c":true},"ix":2},"nm":"Path 3","mn":"ADBE Vector Shape - Group","hd":false},{"ty":"mm","mm":1,"nm":"Merge Paths 1","mn":"ADBE Vector Filter - Merge","hd":false},{"ty":"fl","c":{"a":0,"k":[0.008000000785,0.008000000785,0.008000000785,1],"ix":4},"o":{"a":0,"k":100,"ix":5},"r":1,"bm":0,"nm":"Fill 1","mn":"ADBE Vector Graphic - Fill","hd":false},{"ty":"tr","p":{"a":0,"k":[220.644,211.894],"ix":2},"a":{"a":0,"k":[0,0],"ix":1},"s":{"a":0,"k":[100,100],"ix":3},"r":{"a":0,"k":0,"ix":6},"o":{"a":0,"k":100,"ix":7},"sk":{"a":0,"k":0,"ix":4},"sa":{"a":0,"k":0,"ix":5},"nm":"Transform"}],"nm":"Group 9","np":5,"cix":2,"bm":0,"ix":9,"mn":"ADBE Vector Group","hd":false},{"ty":"gr","it":[{"ind":0,"ty":"sh","ix":1,"ks":{"a":0,"k":{"i":[[9.284,-2.64],[26.118,-1.712],[0,0],[-14.034,-5.439],[-3.509,-16.911],[-0.554,-20.523],[-2.52,0.464],[-1.179,30.848],[0.496,6.135]],"o":[[-25.374,7.223],[0,0],[15.667,-1.726],[15.745,6.098],[4.163,20.043],[2.52,-0.465],[4.452,-28.753],[0.237,-6.179],[-0.678,-8.405]],"v":[[24.96,-95.461],[-53.013,-88.6],[-53.013,-14.954],[-5.893,-19.993],[21.961,37.853],[25.255,98.1],[32.812,96.7],[52.775,12.625],[52.358,-5.86]],"c":true},"ix":2},"nm":"Path 1","mn":"ADBE Vector Shape - Group","hd":false},{"ty":"fl","c":{"a":0,"k":[0.481999984442,0.216000007181,0.109999997008,1],"ix":4},"o":{"a":0,"k":100,"ix":5},"r":1,"bm":0,"nm":"Fill 1","mn":"ADBE Vector Graphic - Fill","hd":false},{"ty":"tr","p":{"a":0,"k":[275.535,137.649],"ix":2},"a":{"a":0,"k":[0,0],"ix":1},"s":{"a":0,"k":[100,100],"ix":3},"r":{"a":0,"k":0,"ix":6},"o":{"a":0,"k":100,"ix":7},"sk":{"a":0,"k":0,"ix":4},"sa":{"a":0,"k":0,"ix":5},"nm":"Transform"}],"nm":"Group 10","np":2,"cix":2,"bm":0,"ix":10,"mn":"ADBE Vector Group","hd":false},{"ty":"gr","it":[{"ind":0,"ty":"sh","ix":1,"ks":{"a":0,"k":{"i":[[17.447,-23.749],[-5.967,-33.038],[-5.567,-25.186],[-2.133,-0.362],[-2.199,13.219],[-8.861,8.238],[-8.391,-0.384],[-8.329,-1.247],[-3.316,0.37],[0,0],[3.624,-0.42]],"o":[[-19.562,26.643],[1.581,8.745],[0.839,3.806],[2.819,-10.268],[2.104,-12.641],[6.564,-6.107],[8.39,0.378],[3.111,0.472],[0,0],[-3.643,0.239],[-26.123,3.039]],"v":[[-30.353,-59.427],[-42.527,28.369],[-31.199,93.706],[-23.995,94.989],[-21.882,23.373],[-8.492,-20.333],[15.305,-27.854],[40.249,-23.894],[49.915,-23.865],[49.915,-97.512],[39.014,-96.541]],"c":true},"ix":2},"nm":"Path 1","mn":"ADBE Vector Shape - Group","hd":false},{"ty":"fl","c":{"a":0,"k":[0.536999990426,0.305999995213,0.226999993418,1],"ix":4},"o":{"a":0,"k":100,"ix":5},"r":1,"bm":0,"nm":"Fill 1","mn":"ADBE Vector Graphic - Fill","hd":false},{"ty":"tr","p":{"a":0,"k":[172.608,146.561],"ix":2},"a":{"a":0,"k":[0,0],"ix":1},"s":{"a":0,"k":[100,100],"ix":3},"r":{"a":0,"k":0,"ix":6},"o":{"a":0,"k":100,"ix":7},"sk":{"a":0,"k":0,"ix":4},"sa":{"a":0,"k":0,"ix":5},"nm":"Transform"}],"nm":"Group 11","np":2,"cix":2,"bm":0,"ix":11,"mn":"ADBE Vector Group","hd":false},{"ty":"gr","it":[{"ind":0,"ty":"sh","ix":1,"ks":{"a":0,"k":{"i":[[-0.052,14.303],[-4.969,-3.575],[-2.087,-1.327],[-0.174,3.495],[-0.891,13.084],[-3.248,11.764],[-7.888,5.475],[-8.182,-2.64],[-4.847,-6.323],[-8.008,-2.108],[0,0],[4.576,2.229],[6.524,7.017],[6.159,8.316],[1.542,5.017],[5.471,5.69],[3.698,7.286]],"o":[[0.012,-4.015],[2.248,1.616],[5.032,3.199],[0.658,-13.293],[0.814,-11.994],[2.808,-10.189],[7.297,-5.057],[7.21,2.317],[5.281,6.889],[0,0],[-5.819,0.525],[-8.725,-4.256],[-6.951,-7.481],[-2.883,-3.9],[-2.271,-7.38],[-4.941,-5.145],[-6.379,-12.586]],"v":[[-48.665,-10.104],[-42.003,-17.391],[-38.548,-10.084],[-33.215,-18.273],[-37.687,-57.02],[-34.67,-93.108],[-18.423,-118.159],[6.145,-122.004],[23.201,-108.287],[38.987,-99.357],[48.717,124.119],[32.313,122.408],[11.015,104.118],[-12.315,84.873],[-18.949,71.431],[-26.339,46.529],[-39.773,32.239]],"c":true},"ix":2},"nm":"Path 1","mn":"ADBE Vector Shape - Group","hd":false},{"ty":"fl","c":{"a":0,"k":[0.941000007181,0.717999985639,0.517999985639,1],"ix":4},"o":{"a":0,"k":100,"ix":5},"r":1,"bm":0,"nm":"Fill 1","mn":"ADBE Vector Graphic - Fill","hd":false},{"ty":"tr","p":{"a":0,"k":[176.237,218.997],"ix":2},"a":{"a":0,"k":[0,0],"ix":1},"s":{"a":0,"k":[100,100],"ix":3},"r":{"a":0,"k":0,"ix":6},"o":{"a":0,"k":100,"ix":7},"sk":{"a":0,"k":0,"ix":4},"sa":{"a":0,"k":0,"ix":5},"nm":"Transform"}],"nm":"Group 12","np":2,"cix":2,"bm":0,"ix":12,"mn":"ADBE Vector Group","hd":false},{"ty":"gr","it":[{"ind":0,"ty":"sh","ix":1,"ks":{"a":0,"k":{"i":[[-0.855,-0.27],[-4.201,3.979],[-9.216,3.932],[-6.911,-2.282],[-1.884,-12.115],[-3.404,-24.708],[-4.733,3.778],[-2.097,1.879],[-0.358,-3.994],[5.252,-13.273],[4.471,-5.698],[1.617,-7.609],[2.531,-4.215],[6.276,-8.263],[8.315,-5.259],[6.604,-0.034],[0.873,-0.074],[0,0]],"o":[[6.5,2.04],[7.615,-7.22],[6.749,-2.875],[10.157,3.36],[3.836,24.667],[0.474,3.454],[1.959,-1.563],[4.628,-4.142],[1.295,14.222],[-3.045,7.69],[-4.952,6.316],[-1.098,5.179],[-5.402,9.004],[-5.876,7.743],[-5.009,3.172],[-0.855,0.094],[0,0],[0.878,0.229]],"v":[[-48.084,-94.695],[-28.566,-106.397],[-3.086,-123.3],[17.998,-125.812],[36.742,-98.431],[33.351,-23.536],[39.372,-16.02],[42.174,-23.697],[49.43,-17.232],[44.266,25.939],[32.138,41.738],[26.949,67.386],[21.517,81.541],[-0.029,103.449],[-19.628,124.149],[-38.4,127.831],[-40.995,128.094],[-50.726,-95.381]],"c":true},"ix":2},"nm":"Path 1","mn":"ADBE Vector Shape - Group","hd":false},{"ty":"fl","c":{"a":0,"k":[1,0.760999971278,0.556999954523,1],"ix":4},"o":{"a":0,"k":100,"ix":5},"r":1,"bm":0,"nm":"Fill 1","mn":"ADBE Vector Graphic - Fill","hd":false},{"ty":"tr","p":{"a":0,"k":[265.95,215.021],"ix":2},"a":{"a":0,"k":[0,0],"ix":1},"s":{"a":0,"k":[100,100],"ix":3},"r":{"a":0,"k":0,"ix":6},"o":{"a":0,"k":100,"ix":7},"sk":{"a":0,"k":0,"ix":4},"sa":{"a":0,"k":0,"ix":5},"nm":"Transform"}],"nm":"Group 13","np":2,"cix":2,"bm":0,"ix":13,"mn":"ADBE Vector Group","hd":false},{"ty":"gr","it":[{"ind":0,"ty":"sh","ix":1,"ks":{"a":0,"k":{"i":[[0,0],[0,0],[0,0],[0,0],[0,0],[0,0],[0,0]],"o":[[0,0],[0,0],[0,0],[0,0],[0,0],[0,0],[0,0]],"v":[[53.926,-56.748],[54.175,-51.023],[56.232,-3.73],[-1.121,57.091],[-21.176,35.718],[-53.701,1.051],[-56.232,-57.091]],"c":true},"ix":2},"nm":"Path 1","mn":"ADBE Vector Shape - Group","hd":false},{"ty":"fl","c":{"a":0,"k":[0.885999971278,0.654999976065,0.490000017952,1],"ix":4},"o":{"a":0,"k":100,"ix":5},"r":1,"bm":0,"nm":"Fill 1","mn":"ADBE Vector Graphic - Fill","hd":false},{"ty":"tr","p":{"a":0,"k":[227.433,355.984],"ix":2},"a":{"a":0,"k":[0,0],"ix":1},"s":{"a":0,"k":[100,100],"ix":3},"r":{"a":0,"k":0,"ix":6},"o":{"a":0,"k":100,"ix":7},"sk":{"a":0,"k":0,"ix":4},"sa":{"a":0,"k":0,"ix":5},"nm":"Transform"}],"nm":"Group 14","np":2,"cix":2,"bm":0,"ix":14,"mn":"ADBE Vector Group","hd":false},{"ty":"gr","it":[{"ind":0,"ty":"sh","ix":1,"ks":{"a":0,"k":{"i":[[0,-125.956],[44.593,-41.622],[10.017,-6.759],[8.751,-4.384],[14.485,-3.975],[20.881,-0.018],[0,0],[19.122,5.232],[13.266,6.657],[8.043,5.427],[8.806,8.221],[0,65.817],[-125.956,0]],"o":[[0,65.817],[-8.797,8.22],[-8.052,5.427],[-13.173,6.619],[-19.205,5.279],[0,0],[-20.778,-0.018],[-14.588,-3.975],[-8.732,-4.376],[-10.035,-6.759],[-44.583,-41.631],[0,-125.956],[125.956,0]],"v":[[228.066,-0.004],[155.592,166.736],[127.328,189.237],[102.1,203.983],[60.525,219.939],[0.209,228.066],[-0.219,228.066],[-60.255,220.014],[-102.11,203.983],[-127.302,189.256],[-155.601,166.745],[-228.066,-0.004],[-0.005,-228.066]],"c":true},"ix":2},"nm":"Path 1","mn":"ADBE Vector Shape - Group","hd":false},{"ty":"fl","c":{"a":0,"k":[0.917999985639,0.344999994016,0.270999983245,1],"ix":4},"o":{"a":0,"k":100,"ix":5},"r":1,"bm":0,"nm":"Fill 1","mn":"ADBE Vector Graphic - Fill","hd":false},{"ty":"tr","p":{"a":0,"k":[228.315,228.316],"ix":2},"a":{"a":0,"k":[0,0],"ix":1},"s":{"a":0,"k":[100,100],"ix":3},"r":{"a":0,"k":0,"ix":6},"o":{"a":0,"k":100,"ix":7},"sk":{"a":0,"k":0,"ix":4},"sa":{"a":0,"k":0,"ix":5},"nm":"Transform"}],"nm":"Group 15","np":2,"cix":2,"bm":0,"ix":15,"mn":"ADBE Vector Group","hd":false}],"ip":35.0000014255792,"op":151.000006150356,"st":35.0000014255792,"bm":0},{"ddd":0,"ind":3,"ty":4,"nm":"human 3","sr":1,"ks":{"o":{"a":0,"k":100,"ix":11},"r":{"a":0,"k":0,"ix":10},"p":{"a":1,"k":[{"i":{"x":0.667,"y":1},"o":{"x":0.333,"y":0},"t":76,"s":[306.5,730.72,0],"to":[0,0,0],"ti":[0,0,0]},{"t":95.9400039077163,"s":[788.12,529.24,0]}],"ix":2,"l":2},"a":{"a":0,"k":[228.311,228.316,0],"ix":1,"l":2},"s":{"a":1,"k":[{"i":{"x":[0.44,0.44,0.667],"y":[1,1,1]},"o":{"x":[0.333,0.333,0.333],"y":[0,0,0]},"t":30,"s":[0,0,100]},{"i":{"x":[0,0,0.667],"y":[1,1,1]},"o":{"x":[0.333,0.333,0.333],"y":[0,0,0]},"t":36,"s":[17.94,17.94,100]},{"i":{"x":[0.768,0.768,0.667],"y":[1,1,1]},"o":{"x":[0.333,0.333,0.333],"y":[0,0,0]},"t":37,"s":[22.08,22.08,100]},{"i":{"x":[0.297,0.297,0.667],"y":[1,1,1]},"o":{"x":[0.333,0.333,0.333],"y":[0,0,0]},"t":41,"s":[20.24,20.24,100]},{"i":{"x":[0.667,0.667,0.667],"y":[1,1,1]},"o":{"x":[0.333,0.333,0.333],"y":[0,0,0]},"t":45,"s":[23,23,100]},{"i":{"x":[0.001,0.001,0.667],"y":[1,1,1]},"o":{"x":[0.333,0.333,0.333],"y":[0,0,0]},"t":76,"s":[23,23,100]},{"t":96.0000039101602,"s":[46,46,100]}],"ix":6,"l":2}},"ao":0,"shapes":[{"ty":"gr","it":[{"ind":0,"ty":"sh","ix":1,"ks":{"a":0,"k":{"i":[[-1.704,-1.062],[46.444,-12.745],[7.029,-1.229],[-0.27,0.717],[-7.885,27.519],[-0.428,1.48],[-0.14,0.466],[0,0],[-8.556,-2.682],[0,-0.271]],"o":[[-29.558,36.344],[-6.796,1.871],[0.382,-0.959],[6.713,-17.781],[0.521,-1.834],[1.267,-4.432],[0.009,-0.046],[0,0],[14.113,4.422],[1.853,1.07]],"v":[[68.634,-18.521],[-47.883,57.621],[-68.634,62.275],[-67.656,59.752],[-34.542,-49.54],[-33.119,-54.52],[-30.931,-62.201],[-30.911,-62.275],[17.088,-42.148],[63.289,-21.723]],"c":true},"ix":2},"nm":"Path 1","mn":"ADBE Vector Shape - Group","hd":false},{"ty":"fl","c":{"a":0,"k":[0.109999997008,0.458999992819,0.736999990426,1],"ix":4},"o":{"a":0,"k":100,"ix":5},"r":1,"bm":0,"nm":"Fill 1","mn":"ADBE Vector Graphic - Fill","hd":false},{"ty":"tr","p":{"a":0,"k":[336.696,390.644],"ix":2},"a":{"a":0,"k":[0,0],"ix":1},"s":{"a":0,"k":[100,100],"ix":3},"r":{"a":0,"k":0,"ix":6},"o":{"a":0,"k":100,"ix":7},"sk":{"a":0,"k":0,"ix":4},"sa":{"a":0,"k":0,"ix":5},"nm":"Transform"}],"nm":"Group 1","np":2,"cix":2,"bm":0,"ix":1,"mn":"ADBE Vector Group","hd":false},{"ty":"gr","it":[{"ind":0,"ty":"sh","ix":1,"ks":{"a":0,"k":{"i":[[0,0],[3.119,0.559],[33.309,37.303],[1.554,1.861],[-2.755,1.062],[-0.624,0.326],[-11.441,4.626],[-0.028,-0.038],[-0.019,-0.047],[-0.009,0],[-1.294,-16.44],[0,0]],"o":[[-3.156,-0.409],[-51.322,-9.114],[-1.611,-1.806],[2.783,-1.23],[0.437,-0.261],[17.185,-8.956],[0.019,-0.009],[0.009,0.018],[0,0.01],[0.605,1.583],[2.142,27.119],[0,0]],"v":[[72.087,65.784],[62.675,64.323],[-67.339,-8.373],[-72.087,-13.865],[-63.746,-17.264],[-62.154,-18.139],[53.096,-65.776],[53.161,-65.737],[53.208,-65.646],[53.217,-65.626],[56.354,-33.909],[60.823,27.802]],"c":true},"ix":2},"nm":"Path 1","mn":"ADBE Vector Shape - Group","hd":false},{"ty":"fl","c":{"a":0,"k":[0.109999997008,0.458999992819,0.736999990426,1],"ix":4},"o":{"a":0,"k":100,"ix":5},"r":1,"bm":0,"nm":"Fill 1","mn":"ADBE Vector Graphic - Fill","hd":false},{"ty":"tr","p":{"a":0,"k":[125.475,388.531],"ix":2},"a":{"a":0,"k":[0,0],"ix":1},"s":{"a":0,"k":[100,100],"ix":3},"r":{"a":0,"k":0,"ix":6},"o":{"a":0,"k":100,"ix":7},"sk":{"a":0,"k":0,"ix":4},"sa":{"a":0,"k":0,"ix":5},"nm":"Transform"}],"nm":"Group 2","np":2,"cix":2,"bm":0,"ix":2,"mn":"ADBE Vector Group","hd":false},{"ty":"gr","it":[{"ind":0,"ty":"sh","ix":1,"ks":{"a":0,"k":{"i":[[3.873,-9.067],[10.249,-20.295],[1.34,-2.802],[7.029,-1.229],[13.554,0],[10.054,1.37],[3.119,0.559],[9.449,24.26],[-4.645,13.582],[-0.493,4.925],[-0.01,0.13],[-0.019,-0.018],[-0.019,-0.019],[-0.009,0],[-47.626,4.589],[-9.83,9.431],[-0.615,0.615],[-0.986,1.015],[-2.318,-13.992]],"o":[[-9.03,21.095],[-1.415,2.783],[-6.796,1.871],[-12.912,2.281],[-10.426,0],[-3.156,-0.409],[-5.083,-25.07],[-4.226,-10.845],[1.974,-5.753],[0.019,-0.129],[0.019,0.018],[0.018,0.019],[0,0.009],[4.841,5.66],[27.165,-2.626],[0.698,-0.68],[1.508,-1.507],[0,0],[1.685,10.166]],"v":[[77.71,-8.696],[44.15,50.308],[40.026,58.696],[19.275,63.35],[-20.476,66.814],[-51.225,64.746],[-60.637,63.285],[-81.043,-10.976],[-74.424,-50.197],[-70.263,-66.423],[-70.216,-66.814],[-70.16,-66.749],[-70.104,-66.684],[-70.095,-66.665],[-0.582,-26.681],[54.79,-53.446],[56.764,-55.382],[60.506,-59.209],[83.584,-38.439]],"c":true},"ix":2},"nm":"Path 1","mn":"ADBE Vector Shape - Group","hd":false},{"ty":"fl","c":{"a":0,"k":[0.255000005984,0.250999989229,0.258999992819,1],"ix":4},"o":{"a":0,"k":100,"ix":5},"r":1,"bm":0,"nm":"Fill 1","mn":"ADBE Vector Graphic - Fill","hd":false},{"ty":"tr","p":{"a":0,"k":[248.788,389.569],"ix":2},"a":{"a":0,"k":[0,0],"ix":1},"s":{"a":0,"k":[100,100],"ix":3},"r":{"a":0,"k":0,"ix":6},"o":{"a":0,"k":100,"ix":7},"sk":{"a":0,"k":0,"ix":4},"sa":{"a":0,"k":0,"ix":5},"nm":"Transform"}],"nm":"Group 3","np":2,"cix":2,"bm":0,"ix":3,"mn":"ADBE Vector Group","hd":false},{"ty":"gr","it":[{"ind":0,"ty":"sh","ix":1,"ks":{"a":0,"k":{"i":[[-18.361,9.258],[-0.873,-0.383],[0,0],[13.504,10.852],[1.203,0.977],[4.136,21.789],[3.214,0.176],[2.078,10.022]],"o":[[15.942,-8.041],[0,0],[-13.241,0.338],[-1.218,-0.975],[-18.339,-14.919],[-0.546,-2.871],[-10.516,-0.571],[16.63,-12.194]],"v":[[4.705,-52.149],[52.799,-79.904],[52.799,79.949],[12.693,64.323],[9.063,61.394],[-29.799,9.479],[-35.31,3.013],[-52.799,-24.086]],"c":true},"ix":2},"nm":"Path 1","mn":"ADBE Vector Shape - Group","hd":false},{"ty":"fl","c":{"a":0,"k":[0.885999971278,0.732999973671,0.630999995213,1],"ix":4},"o":{"a":0,"k":100,"ix":5},"r":1,"bm":0,"nm":"Fill 1","mn":"ADBE Vector Graphic - Fill","hd":false},{"ty":"tr","p":{"a":0,"k":[195.77,232.043],"ix":2},"a":{"a":0,"k":[0,0],"ix":1},"s":{"a":0,"k":[100,100],"ix":3},"r":{"a":0,"k":0,"ix":6},"o":{"a":0,"k":100,"ix":7},"sk":{"a":0,"k":0,"ix":4},"sa":{"a":0,"k":0,"ix":5},"nm":"Transform"}],"nm":"Group 4","np":2,"cix":2,"bm":0,"ix":4,"mn":"ADBE Vector Group","hd":false},{"ty":"gr","it":[{"ind":0,"ty":"sh","ix":1,"ks":{"a":0,"k":{"i":[[-9.012,5.65],[1.102,9.197],[-3.148,-10.154],[-2.506,-11.723],[7.985,-21.225],[16.926,-13.769],[1.213,-0.974],[13.237,0.338],[0,0]],"o":[[7.428,-4.653],[1.289,10.736],[3.53,11.391],[4.65,21.773],[-7.428,19.757],[-1.202,0.976],[-13.507,10.853],[0,0],[10.467,-4.598]],"v":[[-16.039,-73.683],[19.312,-99.844],[29.781,-69.9],[40.926,-35.975],[37.823,32.151],[-1.746,80.952],[-5.372,83.88],[-45.476,99.506],[-45.808,-60.051]],"c":true},"ix":2},"nm":"Path 1","mn":"ADBE Vector Shape - Group","hd":false},{"ty":"fl","c":{"a":0,"k":[0.976000019148,0.811999990426,0.702000038297,1],"ix":4},"o":{"a":0,"k":100,"ix":5},"r":1,"bm":0,"nm":"Fill 1","mn":"ADBE Vector Graphic - Fill","hd":false},{"ty":"tr","p":{"a":0,"k":[294.045,212.486],"ix":2},"a":{"a":0,"k":[0,0],"ix":1},"s":{"a":0,"k":[100,100],"ix":3},"r":{"a":0,"k":0,"ix":6},"o":{"a":0,"k":100,"ix":7},"sk":{"a":0,"k":0,"ix":4},"sa":{"a":0,"k":0,"ix":5},"nm":"Transform"}],"nm":"Group 5","np":2,"cix":2,"bm":0,"ix":5,"mn":"ADBE Vector Group","hd":false},{"ty":"gr","it":[{"ind":0,"ty":"sh","ix":1,"ks":{"a":0,"k":{"i":[[0,0],[5.946,36.214],[0,0],[-5.238,-23.076],[-3.59,2.397],[0,0],[0,0]],"o":[[0,0],[-4.556,-27.759],[0,0],[3.917,17.236],[0,0],[0,0],[0,0]],"v":[[-68.344,16.519],[-58.515,-50.807],[64.432,-40.572],[64.427,8.898],[3.453,76.169],[-40.118,56.079],[-46.228,61.729]],"c":true},"ix":2},"nm":"Path 1","mn":"ADBE Vector Shape - Group","hd":false},{"ty":"fl","c":{"a":0,"k":[0.870999983245,0.689999988032,0.616000007181,1],"ix":4},"o":{"a":0,"k":100,"ix":5},"r":1,"bm":0,"nm":"Fill 1","mn":"ADBE Vector Graphic - Fill","hd":false},{"ty":"tr","p":{"a":0,"k":[241.529,320.432],"ix":2},"a":{"a":0,"k":[0,0],"ix":1},"s":{"a":0,"k":[100,100],"ix":3},"r":{"a":0,"k":0,"ix":6},"o":{"a":0,"k":100,"ix":7},"sk":{"a":0,"k":0,"ix":4},"sa":{"a":0,"k":0,"ix":5},"nm":"Transform"}],"nm":"Group 6","np":2,"cix":2,"bm":0,"ix":6,"mn":"ADBE Vector Group","hd":false},{"ty":"gr","it":[{"ind":0,"ty":"sh","ix":1,"ks":{"a":0,"k":{"i":[[-2.998,-10.361],[6.237,-7.671],[46.445,-12.744],[7.029,-1.229],[13.555,0],[10.054,1.37],[3.118,0.558],[33.309,37.303],[-1.731,3.202],[-4.441,11.153],[-5.605,31.057],[-0.475,21.002],[-1.173,7.727],[-72.79,-10.324],[-7.717,-69.644],[-7.634,-23.162],[-7.485,-24.949]],"o":[[-5.213,8.453],[-29.557,36.344],[-6.796,1.871],[-12.912,2.281],[-10.426,0],[-3.155,-0.409],[-51.323,-9.115],[1.713,-3.304],[8.993,-16.608],[11.795,-29.613],[3.928,-21.764],[0.167,-7.624],[9.505,-62.475],[77.66,11.022],[2.654,23.887],[8.174,24.753],[3.1,10.324]],"v":[[182.199,103.189],[164.994,127.393],[48.478,203.535],[27.727,208.189],[-12.023,211.653],[-42.773,209.585],[-52.184,208.125],[-182.199,135.427],[-177.013,125.662],[-154.81,82.885],[-128.586,-8.366],[-126.034,-71.958],[-124.211,-94.96],[18.222,-201.329],[142.522,-68.885],[148.164,-1.998],[173,72.17]],"c":true},"ix":2},"nm":"Path 1","mn":"ADBE Vector Shape - Group","hd":false},{"ty":"fl","c":{"a":0,"k":[0.169000004787,0.051000000449,0.016000001571,1],"ix":4},"o":{"a":0,"k":100,"ix":5},"r":1,"bm":0,"nm":"Fill 1","mn":"ADBE Vector Graphic - Fill","hd":false},{"ty":"tr","p":{"a":0,"k":[240.335,244.729],"ix":2},"a":{"a":0,"k":[0,0],"ix":1},"s":{"a":0,"k":[100,100],"ix":3},"r":{"a":0,"k":0,"ix":6},"o":{"a":0,"k":100,"ix":7},"sk":{"a":0,"k":0,"ix":4},"sa":{"a":0,"k":0,"ix":5},"nm":"Transform"}],"nm":"Group 7","np":2,"cix":2,"bm":0,"ix":7,"mn":"ADBE Vector Group","hd":false},{"ty":"gr","it":[{"ind":0,"ty":"sh","ix":1,"ks":{"a":0,"k":{"i":[[-1.745,-1.643],[1.626,1.5]],"o":[[-1.745,-1.643],[1.626,1.5]],"v":[[2.535,2.367],[-2.535,-2.367]],"c":true},"ix":2},"nm":"Path 1","mn":"ADBE Vector Shape - Group","hd":false},{"ty":"fl","c":{"a":0,"k":[0.169000004787,0.161000001197,0.141000007181,1],"ix":4},"o":{"a":0,"k":100,"ix":5},"r":1,"bm":0,"nm":"Fill 1","mn":"ADBE Vector Graphic - Fill","hd":false},{"ty":"tr","p":{"a":0,"k":[326.361,80.328],"ix":2},"a":{"a":0,"k":[0,0],"ix":1},"s":{"a":0,"k":[100,100],"ix":3},"r":{"a":0,"k":0,"ix":6},"o":{"a":0,"k":100,"ix":7},"sk":{"a":0,"k":0,"ix":4},"sa":{"a":0,"k":0,"ix":5},"nm":"Transform"}],"nm":"Group 8","np":2,"cix":2,"bm":0,"ix":8,"mn":"ADBE Vector Group","hd":false},{"ty":"gr","it":[{"ind":0,"ty":"sh","ix":1,"ks":{"a":0,"k":{"i":[[0,-125.956],[21.458,-34.771],[6.236,-7.671],[46.445,-12.744],[7.029,-1.229],[13.555,0],[10.055,1.369],[3.118,0.559],[33.309,37.303],[1.555,1.861],[0,55.698],[-125.956,0]],"o":[[0,43.856],[-5.213,8.453],[-29.558,36.344],[-6.795,1.871],[-12.912,2.281],[-10.426,0],[-3.155,-0.409],[-51.323,-9.114],[-1.611,-1.806],[-33.169,-39.612],[0,-125.956],[125.957,0]],"v":[[228.062,0.004],[194.221,119.603],[177.018,143.806],[60.501,219.947],[39.75,224.603],[0,228.066],[-30.75,225.999],[-40.161,224.538],[-170.176,151.84],[-174.923,146.348],[-228.062,0.004],[0,-228.066]],"c":true},"ix":2},"nm":"Path 1","mn":"ADBE Vector Shape - Group","hd":false},{"ty":"fl","c":{"a":0,"k":[0.991999966491,0.783999992819,0.250999989229,1],"ix":4},"o":{"a":0,"k":100,"ix":5},"r":1,"bm":0,"nm":"Fill 1","mn":"ADBE Vector Graphic - Fill","hd":false},{"ty":"tr","p":{"a":0,"k":[228.311,228.316],"ix":2},"a":{"a":0,"k":[0,0],"ix":1},"s":{"a":0,"k":[100,100],"ix":3},"r":{"a":0,"k":0,"ix":6},"o":{"a":0,"k":100,"ix":7},"sk":{"a":0,"k":0,"ix":4},"sa":{"a":0,"k":0,"ix":5},"nm":"Transform"}],"nm":"Group 9","np":2,"cix":2,"bm":0,"ix":9,"mn":"ADBE Vector Group","hd":false}],"ip":30.0000012219251,"op":151.000006150356,"st":30.0000012219251,"bm":0},{"ddd":0,"ind":4,"ty":4,"nm":"human 2","sr":1,"ks":{"o":{"a":0,"k":100,"ix":11},"r":{"a":0,"k":0,"ix":10},"p":{"a":1,"k":[{"i":{"x":0.667,"y":1},"o":{"x":0.333,"y":0},"t":63,"s":[436.22,552.7,0],"to":[0,0,0],"ti":[0,0,0]},{"t":83.0000033806593,"s":[655.64,246.34,0]}],"ix":2,"l":2},"a":{"a":0,"k":[228.316,228.311,0],"ix":1,"l":2},"s":{"a":1,"k":[{"i":{"x":[0.44,0.44,0.667],"y":[1,1,1]},"o":{"x":[0.333,0.333,0.333],"y":[0,0,0]},"t":25,"s":[0,0,100]},{"i":{"x":[0,0,0.667],"y":[1,1,1]},"o":{"x":[0.333,0.333,0.333],"y":[0,0,0]},"t":31,"s":[17.94,17.94,100]},{"i":{"x":[0.768,0.768,0.667],"y":[1,1,1]},"o":{"x":[0.333,0.333,0.333],"y":[0,0,0]},"t":32,"s":[22.08,22.08,100]},{"i":{"x":[0.297,0.297,0.667],"y":[1,1,1]},"o":{"x":[0.333,0.333,0.333],"y":[0,0,0]},"t":36,"s":[20.24,20.24,100]},{"i":{"x":[0.833,0.833,0.833],"y":[1,1,1]},"o":{"x":[0.333,0.333,0.333],"y":[0,0,0]},"t":40,"s":[23,23,100]},{"i":{"x":[0.137,0.137,0.833],"y":[1,1,1]},"o":{"x":[0.167,0.167,0.167],"y":[0,0,0]},"t":63,"s":[23,23,100]},{"t":83.0600033831032,"s":[46,46,100]}],"ix":6,"l":2}},"ao":0,"shapes":[{"ty":"gr","it":[{"ind":0,"ty":"sh","ix":1,"ks":{"a":0,"k":{"i":[[-0.689,-18.898],[0.298,0.233],[12.512,15.333],[-6.172,3.09],[-6.629,1.35],[-0.233,-1.536]],"o":[[-0.308,-0.214],[-16.058,-11.618],[5.418,-5.362],[7.177,-3.594],[0.251,1.536],[2.914,18.712]],"v":[[21.98,30.535],[21.066,29.874],[-21.98,-10.743],[-4.59,-23.636],[15.956,-30.535],[16.691,-25.936]],"c":true},"ix":2},"nm":"Path 1","mn":"ADBE Vector Shape - Group","hd":false},{"ty":"fl","c":{"a":0,"k":[0.39199999641,0.486000001197,0.510000011968,1],"ix":4},"o":{"a":0,"k":100,"ix":5},"r":1,"bm":0,"nm":"Fill 1","mn":"ADBE Vector Graphic - Fill","hd":false},{"ty":"tr","p":{"a":0,"k":[73.617,383.256],"ix":2},"a":{"a":0,"k":[0,0],"ix":1},"s":{"a":0,"k":[100,100],"ix":3},"r":{"a":0,"k":0,"ix":6},"o":{"a":0,"k":100,"ix":7},"sk":{"a":0,"k":0,"ix":4},"sa":{"a":0,"k":0,"ix":5},"nm":"Transform"}],"nm":"Group 1","np":2,"cix":2,"bm":0,"ix":1,"mn":"ADBE Vector Group","hd":false},{"ty":"gr","it":[{"ind":0,"ty":"sh","ix":1,"ks":{"a":0,"k":{"i":[[0,0],[1.024,0.093],[5.101,0.772],[17.399,7.448],[0,0],[0,0],[-9.579,5.204],[0,0],[0,0],[0,0],[0,0],[0,0],[0,0],[0,0],[0,0],[0,0],[0,0],[0,0]],"o":[[-1.024,-0.065],[-5.204,-0.419],[-19.308,-2.924],[4.99,-9.039],[0,0],[3.342,-10.519],[0,0],[0,0],[0,0],[0,0],[0,0],[0,0],[0,0],[0,0],[0,0],[0,0],[0,0],[0,0]],"v":[[41.846,68.801],[38.773,68.568],[23.31,66.772],[-31.904,51.057],[-9.253,9.956],[-41.846,13.503],[-21.43,-53.776],[-18.61,-56.075],[-3.464,-68.456],[-3.034,-68.801],[-2.784,-68.056],[-2.765,-67.972],[-0.392,-60.814],[20.108,1.177],[20.108,1.187],[22.053,7.071],[28.961,27.988],[36.129,49.652]],"c":true},"ix":2},"nm":"Path 1","mn":"ADBE Vector Shape - Group","hd":false},{"ty":"fl","c":{"a":0,"k":[0.447000002394,0.552999997606,0.588000009574,1],"ix":4},"o":{"a":0,"k":100,"ix":5},"r":1,"bm":0,"nm":"Fill 1","mn":"ADBE Vector Graphic - Fill","hd":false},{"ty":"tr","p":{"a":0,"k":[170.593,387.022],"ix":2},"a":{"a":0,"k":[0,0],"ix":1},"s":{"a":0,"k":[100,100],"ix":3},"r":{"a":0,"k":0,"ix":6},"o":{"a":0,"k":100,"ix":7},"sk":{"a":0,"k":0,"ix":4},"sa":{"a":0,"k":0,"ix":5},"nm":"Transform"}],"nm":"Group 2","np":2,"cix":2,"bm":0,"ix":2,"mn":"ADBE Vector Group","hd":false},{"ty":"gr","it":[{"ind":0,"ty":"sh","ix":1,"ks":{"a":0,"k":{"i":[[0,0],[-6.749,-12.242],[18.125,-3.864],[6.023,-0.792],[0.456,-0.046],[0,0],[0,0],[0,0],[0,0],[0,0],[0,0],[0,0],[0,0],[0,0],[0,0],[0,0],[-1.248,-2.29],[-2.876,-9.058]],"o":[[0,0],[-16.254,7.894],[-5.865,1.257],[-0.447,0.065],[0,0],[0,0],[0,0],[0,0],[0,0],[0,0],[0,0],[0,0],[0,0],[0,0],[0,0],[1.331,0.726],[7.708,14.132],[0,0]],"v":[[9.077,10.575],[29.241,47.161],[-22.472,64.943],[-40.31,68.015],[-41.659,68.182],[-36.306,50.271],[-29.147,28.608],[-29.147,28.599],[-24.139,13.48],[-22.23,7.689],[-19.782,0.307],[1.284,-63.416],[1.9,-65.297],[2.857,-68.182],[3.287,-67.838],[21.253,-53.156],[25.127,-48.521],[41.659,14.123]],"c":true},"ix":2},"nm":"Path 1","mn":"ADBE Vector Shape - Group","hd":false},{"ty":"fl","c":{"a":0,"k":[0.39199999641,0.486000001197,0.510000011968,1],"ix":4},"o":{"a":0,"k":100,"ix":5},"r":1,"bm":0,"nm":"Fill 1","mn":"ADBE Vector Graphic - Fill","hd":false},{"ty":"tr","p":{"a":0,"k":[298.606,386.403],"ix":2},"a":{"a":0,"k":[0,0],"ix":1},"s":{"a":0,"k":[100,100],"ix":3},"r":{"a":0,"k":0,"ix":6},"o":{"a":0,"k":100,"ix":7},"sk":{"a":0,"k":0,"ix":4},"sa":{"a":0,"k":0,"ix":5},"nm":"Transform"}],"nm":"Group 3","np":2,"cix":2,"bm":0,"ix":3,"mn":"ADBE Vector Group","hd":false},{"ty":"gr","it":[{"ind":0,"ty":"sh","ix":1,"ks":{"a":0,"k":{"i":[[-0.205,0.597],[0,0],[0,0],[-9.993,-0.278],[-14.126,19.352],[0,0],[0,0],[0.185,-0.604],[0,0],[1.449,14.255],[0,0],[2.227,2.615],[0,0],[0,0],[1.691,-2.986],[0,0],[0.724,2.39],[0,0]],"o":[[0,0],[0,0],[12.876,18.455],[9.986,-0.278],[0,0],[0,0],[0.201,0.597],[0,0],[-0.724,2.39],[0,0],[-1.694,-2.986],[0,0],[0,0],[-2.231,2.615],[0,0],[-1.448,14.255],[0,0],[-0.181,-0.604]],"v":[[-76.561,-30.509],[-62.391,-71.727],[-50.997,-50.749],[0.002,-13.417],[50.994,-50.749],[62.387,-71.727],[76.562,-30.509],[76.592,-28.664],[50.649,56.598],[45.302,57.472],[30.786,31.875],[24.887,23.452],[0.002,-8.036],[-24.886,23.452],[-30.786,31.875],[-45.305,57.472],[-50.651,56.598],[-76.595,-28.664]],"c":true},"ix":2},"nm":"Path 1","mn":"ADBE Vector Shape - Group","hd":false},{"ty":"fl","c":{"a":0,"k":[1,1,1,1],"ix":4},"o":{"a":0,"k":100,"ix":5},"r":1,"bm":0,"nm":"Fill 1","mn":"ADBE Vector Graphic - Fill","hd":false},{"ty":"tr","p":{"a":0,"k":[234.511,375.787],"ix":2},"a":{"a":0,"k":[0,0],"ix":1},"s":{"a":0,"k":[100,100],"ix":3},"r":{"a":0,"k":0,"ix":6},"o":{"a":0,"k":100,"ix":7},"sk":{"a":0,"k":0,"ix":4},"sa":{"a":0,"k":0,"ix":5},"nm":"Transform"}],"nm":"Group 4","np":2,"cix":2,"bm":0,"ix":4,"mn":"ADBE Vector Group","hd":false},{"ty":"gr","it":[{"ind":0,"ty":"sh","ix":1,"ks":{"a":0,"k":{"i":[[0,0],[8.891,0],[4.673,0.288],[0,0],[-0.037,0.326],[1.154,2.206],[0,0],[0,0],[-0.614,0.623],[-2.765,2.793],[-1.089,2.485],[-0.54,0.8],[-1.657,-1.126],[-0.476,-0.605],[-0.959,-1.332],[-1.703,-1.713],[-2.467,-2.495],[0.326,-0.829],[0,0],[0,0],[-0.195,-2.281],[-0.112,-0.521]],"o":[[-8.629,0.987],[-4.747,0],[0,0],[0.074,-0.326],[0.326,-2.467],[0,0],[0,0],[-0.326,-0.829],[2.774,-2.793],[1.881,-1.899],[0.261,-0.606],[1.052,-1.574],[0.698,0.475],[0.995,1.285],[1.406,1.964],[2.468,2.495],[0.624,0.623],[0,0],[0,0],[-1.07,2.038],[0.037,0.522],[0,0]],"v":[[20.211,44.033],[-6.08,45.532],[-20.211,45.095],[-10.101,-1.49],[-9.934,-2.467],[-11.209,-9.663],[-17.223,-21.151],[-18.396,-23.385],[-17.912,-25.787],[-9.608,-34.166],[-4.367,-40.328],[-3.147,-42.581],[1.07,-44.406],[2.793,-42.758],[5.399,-38.634],[10.714,-33.272],[18.125,-25.787],[18.618,-23.385],[17.445,-21.151],[11.431,-9.663],[10.1,-3.054],[10.324,-1.49]],"c":true},"ix":2},"nm":"Path 1","mn":"ADBE Vector Shape - Group","hd":false},{"ty":"fl","c":{"a":0,"k":[0.238999998803,0.344999994016,0.447000002394,1],"ix":4},"o":{"a":0,"k":100,"ix":5},"r":1,"bm":0,"nm":"Fill 1","mn":"ADBE Vector Graphic - Fill","hd":false},{"ty":"tr","p":{"a":0,"k":[234.399,410.841],"ix":2},"a":{"a":0,"k":[0,0],"ix":1},"s":{"a":0,"k":[100,100],"ix":3},"r":{"a":0,"k":0,"ix":6},"o":{"a":0,"k":100,"ix":7},"sk":{"a":0,"k":0,"ix":4},"sa":{"a":0,"k":0,"ix":5},"nm":"Transform"}],"nm":"Group 5","np":2,"cix":2,"bm":0,"ix":5,"mn":"ADBE Vector Group","hd":false},{"ty":"gr","it":[{"ind":0,"ty":"sh","ix":1,"ks":{"a":0,"k":{"i":[[-3.807,-12.577],[5.102,0.772],[17.4,7.448],[13.359,9.579],[0.298,0.233],[2.783,18.349],[0.251,1.536],[-15.147,6.088],[-8.974,5.958],[-2.588,2.364],[-0.195,0.354],[0,0.093],[-0.019,-0.055],[0,0],[-0.753,-2.467],[-6.023,-19.894],[0,0],[-0.987,-3.239],[-2.243,-7.429],[0,0]],"o":[[-5.204,-0.419],[-19.308,-2.924],[-15.295,-6.535],[-0.307,-0.214],[-0.354,-18.814],[-0.233,-1.536],[13.48,-2.736],[1.992,-0.81],[6.154,-4.078],[0.671,-0.624],[0.065,-0.13],[0.019,0.055],[0,0],[0.744,2.467],[5.996,19.876],[0,0],[0.987,3.24],[2.244,7.42],[0,0],[3.817,12.577]],"v":[[59.897,68.475],[44.434,66.679],[-10.78,50.964],[-53.873,26.676],[-54.785,26.015],[-59.16,-29.795],[-59.897,-34.394],[-18.264,-43.414],[2.513,-56.168],[17.018,-66.669],[18.34,-68.15],[18.441,-68.475],[18.498,-68.308],[18.498,-68.298],[20.732,-60.907],[38.773,-1.252],[38.773,-1.243],[41.724,8.476],[48.465,30.744],[48.465,30.753]],"c":true},"ix":2},"nm":"Path 1","mn":"ADBE Vector Shape - Group","hd":false},{"ty":"fl","c":{"a":0,"k":[0.39199999641,0.486000001197,0.510000011968,1],"ix":4},"o":{"a":0,"k":100,"ix":5},"r":1,"bm":0,"nm":"Fill 1","mn":"ADBE Vector Graphic - Fill","hd":false},{"ty":"tr","p":{"a":0,"k":[149.469,387.115],"ix":2},"a":{"a":0,"k":[0,0],"ix":1},"s":{"a":0,"k":[100,100],"ix":3},"r":{"a":0,"k":0,"ix":6},"o":{"a":0,"k":100,"ix":7},"sk":{"a":0,"k":0,"ix":4},"sa":{"a":0,"k":0,"ix":5},"nm":"Transform"}],"nm":"Group 6","np":2,"cix":2,"bm":0,"ix":6,"mn":"ADBE Vector Group","hd":false},{"ty":"gr","it":[{"ind":0,"ty":"sh","ix":1,"ks":{"a":0,"k":{"i":[[-8.965,-4.441],[32.555,-15.808],[18.125,-3.863],[6.023,-0.792],[-3.892,12.837],[-1.629,5.353],[-0.559,1.853],[-0.763,2.513],[-6.833,22.669],[-0.735,-1.443],[-1.499,-1.313],[-0.8,-0.577],[-7.355,-2.868],[-3.342,-1.033]],"o":[[-21.644,28.589],[-16.254,7.894],[-5.865,1.257],[3.891,-12.838],[1.629,-5.362],[0.559,-1.862],[0.763,-2.514],[6.879,-22.706],[-0.438,1.452],[0.67,1.331],[0.66,0.577],[4.478,3.212],[22.175,8.658],[11.981,3.714]],"v":[[75.983,-20.69],[-6.433,47.036],[-58.146,64.816],[-75.983,67.889],[-64.309,29.376],[-59.431,13.298],[-57.746,7.722],[-55.456,0.182],[-34.882,-67.889],[-34.389,-63.541],[-31.102,-59.566],[-28.906,-57.835],[-10.547,-48.646],[44.601,-32.42]],"c":true},"ix":2},"nm":"Path 1","mn":"ADBE Vector Shape - Group","hd":false},{"ty":"fl","c":{"a":0,"k":[0.447000002394,0.552999997606,0.588000009574,1],"ix":4},"o":{"a":0,"k":100,"ix":5},"r":1,"bm":0,"nm":"Fill 1","mn":"ADBE Vector Graphic - Fill","hd":false},{"ty":"tr","p":{"a":0,"k":[334.279,386.529],"ix":2},"a":{"a":0,"k":[0,0],"ix":1},"s":{"a":0,"k":[100,100],"ix":3},"r":{"a":0,"k":0,"ix":6},"o":{"a":0,"k":100,"ix":7},"sk":{"a":0,"k":0,"ix":4},"sa":{"a":0,"k":0,"ix":5},"nm":"Transform"}],"nm":"Group 7","np":2,"cix":2,"bm":0,"ix":7,"mn":"ADBE Vector Group","hd":false},{"ty":"gr","it":[{"ind":0,"ty":"sh","ix":1,"ks":{"a":0,"k":{"i":[[0.549,-1.312],[0,0],[0,0],[0,0],[0,0],[6.024,-0.792],[0.456,-0.046],[0.782,-0.093],[8.891,0],[4.674,0.289],[0.577,0.047],[1.024,0.093],[5.102,0.773],[0,0],[0,0],[0,0],[0,0],[-0.121,1.368],[0,0],[-0.996,1.331],[-4.179,4.403],[-0.494,0.493],[-0.736,0.718],[-13.471,4.32],[-1.089,0.288],[-0.894,-0.28],[-11.068,-11.367],[-0.047,-0.055],[-1.462,-1.647],[-2.476,-3.286],[-0.14,-1.592],[0,0]],"o":[[0,0],[0,0],[0,0],[0,0],[-5.865,1.257],[-0.447,0.065],[-0.773,0.103],[-8.63,0.987],[-4.747,0],[-0.586,-0.028],[-1.024,-0.065],[-5.204,-0.419],[0,0],[0,0],[0,0],[0,0],[-0.549,-1.312],[0,0],[0.13,-1.583],[3.38,-4.468],[0.475,-0.503],[0.698,-0.735],[10.5,-10.314],[1.079,-0.344],[0.894,0.233],[14.625,4.533],[0.065,0.046],[1.573,1.611],[2.922,3.278],[1.006,1.331],[0,0],[0.112,1.359]],"v":[[55.759,5.729],[53.59,10.906],[53.57,10.953],[46.617,27.579],[41.627,39.504],[23.789,42.577],[22.44,42.744],[20.104,43.033],[-6.186,44.531],[-20.318,44.094],[-22.068,43.982],[-25.14,43.75],[-40.603,41.953],[-46.616,27.579],[-53.543,11.018],[-53.561,10.971],[-55.758,5.729],[-56.391,1.661],[-56.391,1.653],[-54.68,-2.807],[-43.312,-16.249],[-41.859,-17.748],[-39.699,-19.927],[-3.253,-43.582],[0.005,-44.531],[2.685,-43.758],[41.869,-17.748],[42.028,-17.59],[46.57,-12.703],[54.688,-2.807],[56.401,1.661],[56.401,1.671]],"c":true},"ix":2},"nm":"Path 1","mn":"ADBE Vector Shape - Group","hd":false},{"ty":"fl","c":{"a":0,"k":[0.902000038297,0.905999995213,0.910000011968,1],"ix":4},"o":{"a":0,"k":100,"ix":5},"r":1,"bm":0,"nm":"Fill 1","mn":"ADBE Vector Graphic - Fill","hd":false},{"ty":"tr","p":{"a":0,"k":[234.506,411.841],"ix":2},"a":{"a":0,"k":[0,0],"ix":1},"s":{"a":0,"k":[100,100],"ix":3},"r":{"a":0,"k":0,"ix":6},"o":{"a":0,"k":100,"ix":7},"sk":{"a":0,"k":0,"ix":4},"sa":{"a":0,"k":0,"ix":5},"nm":"Transform"}],"nm":"Group 8","np":2,"cix":2,"bm":0,"ix":8,"mn":"ADBE Vector Group","hd":false},{"ty":"gr","it":[{"ind":0,"ty":"sh","ix":1,"ks":{"a":0,"k":{"i":[[13.028,3.982],[2.476,-0.718],[2.476,-0.759],[0.254,-14.368],[-7.985,-2.445],[0.21,6.182],[-3.23,5.147],[-1.935,1.011],[-4,-1.393],[-0.245,-0.065],[-0.237,0.084],[-3.774,-1.966],[-1.193,-1.901],[0.208,-6.177],[1.408,-6.001],[0.154,8.806]],"o":[[-2.479,-0.759],[-2.479,-0.718],[-13.028,3.982],[-0.155,8.806],[-1.405,-6.001],[-0.205,-6.177],[1.192,-1.901],[3.776,-1.966],[0.234,0.084],[0.243,-0.065],[3.997,-1.393],[1.937,1.011],[3.229,5.147],[-0.209,6.182],[7.985,-2.445],[-0.255,-14.368]],"v":[[7.621,-25.9],[0,-26.341],[-7.621,-25.9],[-30.744,6.051],[-18.734,27.06],[-21.761,8.826],[-17.653,-8.896],[-13.008,-13.554],[-0.725,-12.968],[0,-12.753],[0.725,-12.968],[13.006,-13.554],[17.654,-8.896],[21.758,8.826],[18.731,27.06],[30.745,6.051]],"c":true},"ix":2},"nm":"Path 1","mn":"ADBE Vector Shape - Group","hd":false},{"ty":"fl","c":{"a":0,"k":[0.447000002394,0.552999997606,0.588000009574,1],"ix":4},"o":{"a":0,"k":100,"ix":5},"r":1,"bm":0,"nm":"Fill 1","mn":"ADBE Vector Graphic - Fill","hd":false},{"ty":"tr","p":{"a":0,"k":[236.872,281.044],"ix":2},"a":{"a":0,"k":[0,0],"ix":1},"s":{"a":0,"k":[100,100],"ix":3},"r":{"a":0,"k":0,"ix":6},"o":{"a":0,"k":100,"ix":7},"sk":{"a":0,"k":0,"ix":4},"sa":{"a":0,"k":0,"ix":5},"nm":"Transform"}],"nm":"Group 9","np":2,"cix":2,"bm":0,"ix":9,"mn":"ADBE Vector Group","hd":false},{"ty":"gr","it":[{"ind":0,"ty":"sh","ix":1,"ks":{"a":0,"k":{"i":[[4.178,-5.417],[4.262,-3.384],[11.353,-6.026],[1.923,0.168],[4.917,-9.5],[1.76,-1.357],[6.727,5.226],[2.719,3.007],[6.519,9.65],[-4.316,-8.436],[-1.769,-2.649],[-10.934,-8.484],[-8.095,-1.268],[-6.175,4.771],[0,0],[-2.372,3.097],[-3.899,5.417],[0.158,6.081]],"o":[[-3.376,4.371],[-10.208,8.113],[-1.723,0.915],[-5.354,-0.448],[-1.046,2.021],[-9.282,7.145],[-3.17,-2.469],[-7.87,-8.711],[-1.921,9.907],[1.458,2.852],[8.007,11.981],[5.983,4.645],[7.985,-1.268],[0,0],[2.9,-2.553],[4.064,-5.304],[3.598,-4.992],[-2.916,6.26]],"v":[[60.586,-17.034],[49.397,-3.594],[16.836,18.294],[11.351,19.986],[-2.355,14.457],[-5.813,20.238],[-41.713,2.313],[-50.747,-5.698],[-69.18,-35.214],[-61.093,-8.741],[-56.402,-0.383],[-23.036,26.043],[-1.094,35.214],[21.003,25.87],[46.173,7.713],[53.969,-0.909],[66.741,-16.442],[70.943,-34.833]],"c":true},"ix":2},"nm":"Path 1","mn":"ADBE Vector Shape - Group","hd":false},{"ty":"fl","c":{"a":0,"k":[0.447000002394,0.552999997606,0.588000009574,1],"ix":4},"o":{"a":0,"k":100,"ix":5},"r":1,"bm":0,"nm":"Fill 1","mn":"ADBE Vector Graphic - Fill","hd":false},{"ty":"tr","p":{"a":0,"k":[237.033,286.67],"ix":2},"a":{"a":0,"k":[0,0],"ix":1},"s":{"a":0,"k":[100,100],"ix":3},"r":{"a":0,"k":0,"ix":6},"o":{"a":0,"k":100,"ix":7},"sk":{"a":0,"k":0,"ix":4},"sa":{"a":0,"k":0,"ix":5},"nm":"Transform"}],"nm":"Group 10","np":2,"cix":2,"bm":0,"ix":10,"mn":"ADBE Vector Group","hd":false},{"ty":"gr","it":[{"ind":0,"ty":"sh","ix":1,"ks":{"a":0,"k":{"i":[[0,0],[0,0],[24.883,0.711]],"o":[[0,0],[0,0],[0,-9.949]],"v":[[25.716,-3.199],[25.716,13.148],[-25.716,-3.199]],"c":true},"ix":2},"nm":"Path 1","mn":"ADBE Vector Shape - Group","hd":false},{"ty":"fl","c":{"a":0,"k":[0.447000002394,0.552999997606,0.588000009574,1],"ix":4},"o":{"a":0,"k":100,"ix":5},"r":1,"bm":0,"nm":"Fill 1","mn":"ADBE Vector Graphic - Fill","hd":false},{"ty":"tr","p":{"a":0,"k":[195.599,178.569],"ix":2},"a":{"a":0,"k":[0,0],"ix":1},"s":{"a":0,"k":[100,100],"ix":3},"r":{"a":0,"k":0,"ix":6},"o":{"a":0,"k":100,"ix":7},"sk":{"a":0,"k":0,"ix":4},"sa":{"a":0,"k":0,"ix":5},"nm":"Transform"}],"nm":"Group 11","np":2,"cix":2,"bm":0,"ix":11,"mn":"ADBE Vector Group","hd":false},{"ty":"gr","it":[{"ind":0,"ty":"sh","ix":1,"ks":{"a":0,"k":{"i":[[0,0],[0,0],[-24.887,0.711]],"o":[[0,0],[0,0],[0,-9.949]],"v":[[-25.715,-3.199],[-25.715,13.148],[25.715,-3.199]],"c":true},"ix":2},"nm":"Path 1","mn":"ADBE Vector Shape - Group","hd":false},{"ty":"fl","c":{"a":0,"k":[0.447000002394,0.552999997606,0.588000009574,1],"ix":4},"o":{"a":0,"k":100,"ix":5},"r":1,"bm":0,"nm":"Fill 1","mn":"ADBE Vector Graphic - Fill","hd":false},{"ty":"tr","p":{"a":0,"k":[276.71,178.569],"ix":2},"a":{"a":0,"k":[0,0],"ix":1},"s":{"a":0,"k":[100,100],"ix":3},"r":{"a":0,"k":0,"ix":6},"o":{"a":0,"k":100,"ix":7},"sk":{"a":0,"k":0,"ix":4},"sa":{"a":0,"k":0,"ix":5},"nm":"Transform"}],"nm":"Group 12","np":2,"cix":2,"bm":0,"ix":12,"mn":"ADBE Vector Group","hd":false},{"ty":"gr","it":[{"ind":0,"ty":"sh","ix":1,"ks":{"a":0,"k":{"i":[[2.183,-10.852],[1.813,-7.659],[1.064,-3.384],[1.042,-1.302],[-0.07,0.718],[1.345,13.319],[28.614,2.451],[9.17,-4.986],[11.418,3.031],[14.314,-23.592],[0.798,-2.93],[0.867,-11.515],[-0.925,-12.4],[-0.645,-5.04],[1.053,-0.993],[0.493,1.004],[-20.226,37.033],[-33.828,-0.484],[-6.183,-2.409],[-9.759,-4.059],[-3.729,-17.351],[-1.783,-8.777]],"o":[[-1.887,9.369],[-0.838,3.528],[-0.465,1.477],[-0.239,0.306],[1.256,-13.278],[-2.019,-19.982],[-10.272,-0.879],[-10.473,5.692],[-16.255,-4.316],[-1.556,2.565],[-3.103,11.401],[-0.927,12.37],[0.384,5.124],[0.271,2.128],[-0.795,0.753],[-16.921,-34.366],[18.131,-33.199],[6.585,0.09],[9.93,3.863],[16.503,6.87],[1.892,8.8],[2.231,11.001]],"v":[[94.298,35.633],[88.44,61.497],[85.815,72.354],[84.255,76.431],[80.326,78.739],[81.607,39.544],[55.796,-33.959],[28.05,-20.854],[-6.374,-17.679],[-67.648,-28.997],[-70.977,-20.584],[-73.471,12.878],[-74.395,50.143],[-71.69,64.839],[-69.174,82.865],[-71.586,81.466],[-79.428,-37.009],[16.052,-83.134],[35.5,-80.085],[64.414,-65.904],[93.356,-23.394],[97.423,3.187]],"c":true},"ix":2},"nm":"Path 1","mn":"ADBE Vector Shape - Group","hd":false},{"ty":"fl","c":{"a":0,"k":[0.447000002394,0.552999997606,0.588000009574,1],"ix":4},"o":{"a":0,"k":100,"ix":5},"r":1,"bm":0,"nm":"Fill 1","mn":"ADBE Vector Graphic - Fill","hd":false},{"ty":"tr","p":{"a":0,"k":[230.87,125.269],"ix":2},"a":{"a":0,"k":[0,0],"ix":1},"s":{"a":0,"k":[100,100],"ix":3},"r":{"a":0,"k":0,"ix":6},"o":{"a":0,"k":100,"ix":7},"sk":{"a":0,"k":0,"ix":4},"sa":{"a":0,"k":0,"ix":5},"nm":"Transform"}],"nm":"Group 13","np":2,"cix":2,"bm":0,"ix":13,"mn":"ADBE Vector Group","hd":false},{"ty":"gr","it":[{"ind":0,"ty":"sh","ix":1,"ks":{"a":0,"k":{"i":[[-0.054,13.278],[-5.072,-3.324],[-2.13,-1.226],[-0.177,3.24],[-0.909,12.144],[-3.312,10.918],[-8.055,5.082],[-8.355,-2.446],[-4.95,-5.871],[-8.18,-1.961],[0,0],[4.668,2.074],[6.657,6.511],[6.287,7.724],[1.574,4.657],[5.587,5.286],[3.777,6.768]],"o":[[0.012,-3.725],[2.292,1.5],[5.139,2.971],[0.672,-12.346],[0.834,-11.131],[2.868,-9.464],[7.453,-4.699],[7.359,2.158],[5.391,6.398],[0,0],[-5.937,0.484],[-8.907,-3.953],[-7.102,-6.947],[-2.945,-3.617],[-2.319,-6.857],[-5.046,-4.771],[-6.516,-11.682]],"v":[[-49.687,-9.383],[-42.886,-16.145],[-39.358,-9.365],[-33.912,-16.964],[-38.48,-52.945],[-35.403,-86.449],[-18.811,-109.712],[6.276,-113.287],[23.69,-100.547],[39.807,-92.255],[49.741,115.249],[32.995,113.653],[11.251,96.679],[-12.574,78.803],[-19.346,66.325],[-26.894,43.199],[-40.61,29.932]],"c":true},"ix":2},"nm":"Path 1","mn":"ADBE Vector Shape - Group","hd":false},{"ty":"fl","c":{"a":0,"k":[0.885999971278,0.732999973671,0.630999995213,1],"ix":4},"o":{"a":0,"k":100,"ix":5},"r":1,"bm":0,"nm":"Fill 1","mn":"ADBE Vector Graphic - Fill","hd":false},{"ty":"tr","p":{"a":0,"k":[188.55,196.077],"ix":2},"a":{"a":0,"k":[0,0],"ix":1},"s":{"a":0,"k":[100,100],"ix":3},"r":{"a":0,"k":0,"ix":6},"o":{"a":0,"k":100,"ix":7},"sk":{"a":0,"k":0,"ix":4},"sa":{"a":0,"k":0,"ix":5},"nm":"Transform"}],"nm":"Group 14","np":2,"cix":2,"bm":0,"ix":14,"mn":"ADBE Vector Group","hd":false},{"ty":"gr","it":[{"ind":0,"ty":"sh","ix":1,"ks":{"a":0,"k":{"i":[[-0.872,-0.251],[-4.287,3.701],[-9.412,3.652],[-7.057,-2.117],[-1.923,-11.247],[-3.478,-22.94],[-4.826,3.503],[-2.138,1.74],[-0.369,-3.707],[5.368,-12.322],[4.564,-5.291],[1.65,-7.073],[2.584,-3.91],[6.403,-7.671],[8.486,-4.885],[6.744,-0.037],[0.888,-0.077],[0,0]],"o":[[6.642,1.901],[7.777,-6.701],[6.888,-2.673],[10.372,3.121],[3.918,22.904],[0.485,3.204],[2,-1.453],[4.73,-3.85],[1.32,13.206],[-3.108,7.139],[-5.055,5.859],[-1.12,4.801],[-5.519,8.364],[-6,7.192],[-5.115,2.948],[-0.875,0.089],[0,0],[0.897,0.216]],"v":[[-49.098,-87.932],[-29.169,-98.795],[-3.148,-114.488],[18.378,-116.82],[37.518,-91.398],[34.055,-21.854],[40.197,-14.877],[43.06,-22.005],[50.472,-16.007],[45.195,24.08],[32.816,38.752],[27.517,62.571],[21.971,75.706],[-0.027,96.046],[-20.038,115.266],[-39.206,118.693],[-41.858,118.938],[-51.793,-88.565]],"c":true},"ix":2},"nm":"Path 1","mn":"ADBE Vector Shape - Group","hd":false},{"ty":"fl","c":{"a":0,"k":[0.976000019148,0.811999990426,0.702000038297,1],"ix":4},"o":{"a":0,"k":100,"ix":5},"r":1,"bm":0,"nm":"Fill 1","mn":"ADBE Vector Graphic - Fill","hd":false},{"ty":"tr","p":{"a":0,"k":[280.149,192.388],"ix":2},"a":{"a":0,"k":[0,0],"ix":1},"s":{"a":0,"k":[100,100],"ix":3},"r":{"a":0,"k":0,"ix":6},"o":{"a":0,"k":100,"ix":7},"sk":{"a":0,"k":0,"ix":4},"sa":{"a":0,"k":0,"ix":5},"nm":"Transform"}],"nm":"Group 15","np":2,"cix":2,"bm":0,"ix":15,"mn":"ADBE Vector Group","hd":false},{"ty":"gr","it":[{"ind":0,"ty":"sh","ix":1,"ks":{"a":0,"k":{"i":[[0,0],[0,0],[-22.858,-20.866],[2.105,-12.412],[11.635,-2.571],[11.719,-2.194],[13.923,0.531],[12.083,11.814],[15.904,5.93],[-0.702,3.002],[-0.989,0.848],[1.817,35.447]],"o":[[0,0],[1.473,28.703],[9.349,8.537],[-1.974,11.622],[-11.638,2.577],[-13.691,2.553],[-16.98,-0.646],[-12.078,-11.82],[-2.909,-1.082],[0.293,-1.255],[28.285,-24.245],[0,0]],"v":[[57.932,-69.413],[58.204,-64.103],[77.821,2.661],[94.695,34.725],[69.237,56.535],[33.701,60.331],[-6.945,69.204],[-50.464,45.313],[-90.178,14.367],[-96.098,8.346],[-93.761,5.316],[-62.639,-69.735]],"c":true},"ix":2},"nm":"Path 1","mn":"ADBE Vector Shape - Group","hd":false},{"ty":"fl","c":{"a":0,"k":[0.8,0.651000019148,0.573000021542,1],"ix":4},"o":{"a":0,"k":100,"ix":5},"r":1,"bm":0,"nm":"Fill 1","mn":"ADBE Vector Graphic - Fill","hd":false},{"ty":"tr","p":{"a":0,"k":[238.129,339.994],"ix":2},"a":{"a":0,"k":[0,0],"ix":1},"s":{"a":0,"k":[100,100],"ix":3},"r":{"a":0,"k":0,"ix":6},"o":{"a":0,"k":100,"ix":7},"sk":{"a":0,"k":0,"ix":4},"sa":{"a":0,"k":0,"ix":5},"nm":"Transform"}],"nm":"Group 16","np":2,"cix":2,"bm":0,"ix":16,"mn":"ADBE Vector Group","hd":false},{"ty":"gr","it":[{"ind":0,"ty":"sh","ix":1,"ks":{"a":0,"k":{"i":[[0,-125.956],[28.943,-38.234],[32.556,-15.807],[18.125,-3.863],[6.023,-0.791],[0.456,-0.046],[0.782,-0.092],[8.891,0],[4.673,0.289],[0.577,0.047],[1.024,0.094],[5.102,0.772],[17.4,7.447],[13.359,9.58],[0.298,0.233],[12.512,15.332],[0,54.702],[-125.956,0]],"o":[[0,51.658],[-21.644,28.589],[-16.254,7.895],[-5.865,1.257],[-0.447,0.065],[-0.773,0.102],[-8.63,0.987],[-4.748,0],[-0.586,-0.028],[-1.024,-0.065],[-5.204,-0.419],[-19.308,-2.923],[-15.295,-6.536],[-0.307,-0.214],[-16.059,-11.618],[-32.127,-39.295],[0,-125.956],[125.956,0]],"v":[[228.066,-0.001],[181.947,137.528],[99.531,205.253],[47.818,223.034],[29.98,226.106],[28.63,226.273],[26.295,226.561],[0.005,228.061],[-14.127,227.623],[-15.877,227.512],[-18.949,227.279],[-34.412,225.482],[-89.626,209.768],[-132.719,185.48],[-133.631,184.819],[-176.678,144.202],[-228.066,-0.001],[0.005,-228.061]],"c":true},"ix":2},"nm":"Path 1","mn":"ADBE Vector Shape - Group","hd":false},{"ty":"fl","c":{"a":0,"k":[0.411999990426,0.752999997606,0.808000033509,1],"ix":4},"o":{"a":0,"k":100,"ix":5},"r":1,"bm":0,"nm":"Fill 1","mn":"ADBE Vector Graphic - Fill","hd":false},{"ty":"tr","p":{"a":0,"k":[228.315,228.312],"ix":2},"a":{"a":0,"k":[0,0],"ix":1},"s":{"a":0,"k":[100,100],"ix":3},"r":{"a":0,"k":0,"ix":6},"o":{"a":0,"k":100,"ix":7},"sk":{"a":0,"k":0,"ix":4},"sa":{"a":0,"k":0,"ix":5},"nm":"Transform"}],"nm":"Group 17","np":2,"cix":2,"bm":0,"ix":17,"mn":"ADBE Vector Group","hd":false}],"ip":25.0000010182709,"op":151.000006150356,"st":25.0000010182709,"bm":0},{"ddd":0,"ind":5,"ty":4,"nm":"human 1","sr":1,"ks":{"o":{"a":0,"k":100,"ix":11},"r":{"a":0,"k":0,"ix":10},"p":{"a":1,"k":[{"i":{"x":0.667,"y":1},"o":{"x":0.333,"y":0},"t":49,"s":[302.36,551.32,0],"to":[0,0,0],"ti":[0,0,0]},{"t":69.0000028104276,"s":[325.82,227.02,0]}],"ix":2,"l":2},"a":{"a":0,"k":[228.311,228.316,0],"ix":1,"l":2},"s":{"a":1,"k":[{"i":{"x":[0.44,0.44,0.667],"y":[1,1,1]},"o":{"x":[0.333,0.333,0.333],"y":[0,0,0]},"t":20,"s":[0,0,100]},{"i":{"x":[0,0,0.667],"y":[1,1,1]},"o":{"x":[0.333,0.333,0.333],"y":[0,0,0]},"t":26,"s":[17.94,17.94,100]},{"i":{"x":[0.768,0.768,0.667],"y":[1,1,1]},"o":{"x":[0.333,0.333,0.333],"y":[0,0,0]},"t":27,"s":[22.08,22.08,100]},{"i":{"x":[0.297,0.297,0.667],"y":[1,1,1]},"o":{"x":[0.333,0.333,0.333],"y":[0,0,0]},"t":31,"s":[20.24,20.24,100]},{"i":{"x":[0.833,0.833,0.833],"y":[1,1,1]},"o":{"x":[0.333,0.333,0.333],"y":[0,0,0]},"t":35,"s":[23,23,100]},{"i":{"x":[0.211,0.211,0.833],"y":[1,1,1]},"o":{"x":[0.167,0.167,0.167],"y":[0,0,0]},"t":49,"s":[23,23,100]},{"t":69.0600028128715,"s":[46,46,100]}],"ix":6,"l":2}},"ao":0,"shapes":[{"ty":"gr","it":[{"ind":0,"ty":"sh","ix":1,"ks":{"a":0,"k":{"i":[[0,-3.243],[3.7,0],[0,3.243],[-3.701,0]],"o":[[0,3.243],[-3.701,0],[0,-3.243],[3.7,0]],"v":[[6.701,0],[0,5.871],[-6.701,0],[0,-5.871]],"c":true},"ix":2},"nm":"Path 1","mn":"ADBE Vector Shape - Group","hd":false},{"ty":"fl","c":{"a":0,"k":[0.642999985639,0.842999985639,0.905999995213,1],"ix":4},"o":{"a":0,"k":100,"ix":5},"r":1,"bm":0,"nm":"Fill 1","mn":"ADBE Vector Graphic - Fill","hd":false},{"ty":"tr","p":{"a":0,"k":[138.429,260.495],"ix":2},"a":{"a":0,"k":[0,0],"ix":1},"s":{"a":0,"k":[100,100],"ix":3},"r":{"a":0,"k":0,"ix":6},"o":{"a":0,"k":100,"ix":7},"sk":{"a":0,"k":0,"ix":4},"sa":{"a":0,"k":0,"ix":5},"nm":"Transform"}],"nm":"Group 1","np":2,"cix":2,"bm":0,"ix":1,"mn":"ADBE Vector Group","hd":false},{"ty":"gr","it":[{"ind":0,"ty":"sh","ix":1,"ks":{"a":0,"k":{"i":[[10.274,7.203],[3.667,0.536],[2.443,-2.141],[4.273,-0.537],[0,0],[0,0],[-9.778,19.817],[-14.417,18.612],[-6.008,-1.837],[-4.474,-25.177],[8.827,-44.111],[-5.216,31.995],[2.854,24.243]],"o":[[-3.062,-2.146],[-3.667,-0.537],[-2.443,2.139],[0,0],[0,0],[0,0],[10.216,-20.689],[-13.278,17.147],[29.339,8.984],[7.86,44.249],[19.749,-27.179],[4.013,-24.597],[-1.318,-11.263]],"v":[[98.636,-101.36],[42.415,-131.347],[-49.246,-128.133],[-112.189,-90.653],[-112.189,-16.762],[-104.738,0.372],[-98.743,-48.36],[-49.858,-101.713],[14.972,-65.532],[65.262,-1.856],[63.806,131.884],[103.139,41.169],[109.335,-40.986]],"c":true},"ix":2},"nm":"Path 1","mn":"ADBE Vector Shape - Group","hd":false},{"ty":"fl","c":{"a":0,"k":[0.255000005984,0.250999989229,0.258999992819,1],"ix":4},"o":{"a":0,"k":100,"ix":5},"r":1,"bm":0,"nm":"Fill 1","mn":"ADBE Vector Graphic - Fill","hd":false},{"ty":"tr","p":{"a":0,"k":[232.34,211.437],"ix":2},"a":{"a":0,"k":[0,0],"ix":1},"s":{"a":0,"k":[100,100],"ix":3},"r":{"a":0,"k":0,"ix":6},"o":{"a":0,"k":100,"ix":7},"sk":{"a":0,"k":0,"ix":4},"sa":{"a":0,"k":0,"ix":5},"nm":"Transform"}],"nm":"Group 2","np":2,"cix":2,"bm":0,"ix":2,"mn":"ADBE Vector Group","hd":false},{"ty":"gr","it":[{"ind":0,"ty":"sh","ix":1,"ks":{"a":0,"k":{"i":[[-9.551,-3.407],[36.111,-8.573],[0,0],[18.2,0],[0,0],[-22.185,26.355],[-0.083,0.094],[-0.354,0.419]],"o":[[-27.183,23.478],[-0.009,0],[-16.972,4.031],[0,0],[61.787,-4.292],[0.084,-0.103],[0.354,-0.419],[13.694,4.524]],"v":[[74.484,-21.84],[-21.598,27.378],[-21.607,27.388],[-74.484,33.551],[-74.484,29.808],[38.606,-32.006],[38.857,-32.295],[39.909,-33.551]],"c":true},"ix":2},"nm":"Path 1","mn":"ADBE Vector Shape - Group","hd":false},{"ty":"fl","c":{"a":0,"k":[0.898000021542,0.305999995213,0.603999956916,1],"ix":4},"o":{"a":0,"k":100,"ix":5},"r":1,"bm":0,"nm":"Fill 1","mn":"ADBE Vector Graphic - Fill","hd":false},{"ty":"tr","p":{"a":0,"k":[302.814,422.831],"ix":2},"a":{"a":0,"k":[0,0],"ix":1},"s":{"a":0,"k":[100,100],"ix":3},"r":{"a":0,"k":0,"ix":6},"o":{"a":0,"k":100,"ix":7},"sk":{"a":0,"k":0,"ix":4},"sa":{"a":0,"k":0,"ix":5},"nm":"Transform"}],"nm":"Group 3","np":2,"cix":2,"bm":0,"ix":3,"mn":"ADBE Vector Group","hd":false},{"ty":"gr","it":[{"ind":0,"ty":"sh","ix":1,"ks":{"a":0,"k":{"i":[[31.832,-1.256],[0,0],[-12.947,29.021],[26.607,32.425]],"o":[[0,0],[40.168,1.041],[16.038,-35.961],[-18.38,-22.406]],"v":[[-55.071,-113.605],[-55.813,113.82],[38.932,36.185],[29.206,-77.378]],"c":true},"ix":2},"nm":"Path 1","mn":"ADBE Vector Shape - Group","hd":false},{"ty":"fl","c":{"a":0,"k":[0.929000016755,0.74900004069,0.532999973671,1],"ix":4},"o":{"a":0,"k":100,"ix":5},"r":1,"bm":0,"nm":"Fill 1","mn":"ADBE Vector Graphic - Fill","hd":false},{"ty":"tr","p":{"a":0,"k":[283.383,201.307],"ix":2},"a":{"a":0,"k":[0,0],"ix":1},"s":{"a":0,"k":[100,100],"ix":3},"r":{"a":0,"k":0,"ix":6},"o":{"a":0,"k":100,"ix":7},"sk":{"a":0,"k":0,"ix":4},"sa":{"a":0,"k":0,"ix":5},"nm":"Transform"}],"nm":"Group 4","np":2,"cix":2,"bm":0,"ix":4,"mn":"ADBE Vector Group","hd":false},{"ty":"gr","it":[{"ind":0,"ty":"sh","ix":1,"ks":{"a":0,"k":{"i":[[-27.444,-9.3],[0.344,-0.428],[0.084,-0.103],[14.523,-13.154],[7.829,-4.673],[0,0],[18.2,0],[0,0],[0,0],[-0.522,-1.889],[1.191,-7.876],[0.037,-0.242],[-7.568,-17.009]],"o":[[-0.354,0.428],[-0.084,0.094],[-12.297,14.792],[-6.582,5.958],[-0.01,0],[-16.971,4.031],[0,0],[0,0],[23.674,-0.632],[-1.331,7.327],[-0.038,0.242],[-3.165,21.077],[11.982,26.904]],"v":[[57.207,30.013],[56.155,31.288],[55.902,31.577],[17.343,74.791],[-4.301,90.961],[-4.311,90.971],[-57.188,97.134],[-57.207,97.134],[-57.207,-95.925],[3.612,-95.245],[-0.363,-72.288],[-0.475,-71.571],[2.634,-11.581]],"c":true},"ix":2},"nm":"Path 1","mn":"ADBE Vector Shape - Group","hd":false},{"ty":"fl","c":{"a":0,"k":[0.885999971278,0.705999995213,0.46699999641,1],"ix":4},"o":{"a":0,"k":100,"ix":5},"r":1,"bm":0,"nm":"Fill 1","mn":"ADBE Vector Graphic - Fill","hd":false},{"ty":"tr","p":{"a":0,"k":[285.517,359.248],"ix":2},"a":{"a":0,"k":[0,0],"ix":1},"s":{"a":0,"k":[100,100],"ix":3},"r":{"a":0,"k":0,"ix":6},"o":{"a":0,"k":100,"ix":7},"sk":{"a":0,"k":0,"ix":4},"sa":{"a":0,"k":0,"ix":5},"nm":"Transform"}],"nm":"Group 5","np":2,"cix":2,"bm":0,"ix":5,"mn":"ADBE Vector Group","hd":false},{"ty":"gr","it":[{"ind":0,"ty":"sh","ix":1,"ks":{"a":0,"k":{"i":[[15.75,-0.291],[3.005,-3.447],[1.787,-4.154],[2.449,-3.673],[-3.488,-7.02],[-7.363,0.713],[-4.705,7.949],[-2.969,4.603]],"o":[[-4.942,0.095],[-3.3,3.788],[-1.714,3.983],[-4.057,6.099],[1.837,3.687],[12.674,-1.231],[2.774,-4.696],[5.943,-9.204]],"v":[[8.171,-30.007],[-4.466,-24.047],[-9.243,-12.165],[-17.334,-0.896],[-22.299,24.325],[-9.099,29.584],[9.692,8.857],[19.844,-4.249]],"c":true},"ix":2},"nm":"Path 1","mn":"ADBE Vector Shape - Group","hd":false},{"ty":"fl","c":{"a":0,"k":[0.929000016755,0.74900004069,0.532999973671,1],"ix":4},"o":{"a":0,"k":100,"ix":5},"r":1,"bm":0,"nm":"Fill 1","mn":"ADBE Vector Graphic - Fill","hd":false},{"ty":"tr","p":{"a":0,"k":[329.325,227.056],"ix":2},"a":{"a":0,"k":[0,0],"ix":1},"s":{"a":0,"k":[100,100],"ix":3},"r":{"a":0,"k":0,"ix":6},"o":{"a":0,"k":100,"ix":7},"sk":{"a":0,"k":0,"ix":4},"sa":{"a":0,"k":0,"ix":5},"nm":"Transform"}],"nm":"Group 6","np":2,"cix":2,"bm":0,"ix":6,"mn":"ADBE Vector Group","hd":false},{"ty":"gr","it":[{"ind":0,"ty":"sh","ix":1,"ks":{"a":0,"k":{"i":[[-61.032,-4.236],[0,0],[16.962,4.031],[27.184,23.487],[-13.694,4.525],[-0.55,-0.652],[-0.158,-0.187]],"o":[[0,0],[-18.2,0],[-36.12,-8.574],[9.552,-3.408],[0.54,0.643],[0.158,0.186],[22.091,26.15]],"v":[[74.484,29.809],[74.484,33.551],[21.616,27.388],[-74.484,-21.839],[-39.91,-33.551],[-38.271,-31.605],[-37.796,-31.037]],"c":true},"ix":2},"nm":"Path 1","mn":"ADBE Vector Shape - Group","hd":false},{"ty":"fl","c":{"a":0,"k":[0.976000019148,0.404000016755,0.663000009574,1],"ix":4},"o":{"a":0,"k":100,"ix":5},"r":1,"bm":0,"nm":"Fill 1","mn":"ADBE Vector Graphic - Fill","hd":false},{"ty":"tr","p":{"a":0,"k":[153.808,422.831],"ix":2},"a":{"a":0,"k":[0,0],"ix":1},"s":{"a":0,"k":[100,100],"ix":3},"r":{"a":0,"k":0,"ix":6},"o":{"a":0,"k":100,"ix":7},"sk":{"a":0,"k":0,"ix":4},"sa":{"a":0,"k":0,"ix":5},"nm":"Transform"}],"nm":"Group 7","np":2,"cix":2,"bm":0,"ix":7,"mn":"ADBE Vector Group","hd":false},{"ty":"gr","it":[{"ind":0,"ty":"sh","ix":1,"ks":{"a":0,"k":{"i":[[18.379,-22.406],[-16.038,-35.96],[-40.168,1.041],[0,0]],"o":[[-26.608,32.425],[12.947,29.022],[0,0],[-31.838,-1.256]],"v":[[-28.834,-77.379],[-38.561,36.185],[55.442,113.819],[55.442,-113.605]],"c":true},"ix":2},"nm":"Path 1","mn":"ADBE Vector Shape - Group","hd":false},{"ty":"fl","c":{"a":0,"k":[0.885999971278,0.705999995213,0.46699999641,1],"ix":4},"o":{"a":0,"k":100,"ix":5},"r":1,"bm":0,"nm":"Fill 1","mn":"ADBE Vector Graphic - Fill","hd":false},{"ty":"tr","p":{"a":0,"k":[172.87,201.307],"ix":2},"a":{"a":0,"k":[0,0],"ix":1},"s":{"a":0,"k":[100,100],"ix":3},"r":{"a":0,"k":0,"ix":6},"o":{"a":0,"k":100,"ix":7},"sk":{"a":0,"k":0,"ix":4},"sa":{"a":0,"k":0,"ix":5},"nm":"Transform"}],"nm":"Group 8","np":2,"cix":2,"bm":0,"ix":8,"mn":"ADBE Vector Group","hd":false},{"ty":"gr","it":[{"ind":0,"ty":"sh","ix":1,"ks":{"a":0,"k":{"i":[[-0.195,-0.009],[0,0],[0,0],[16.962,4.031],[6.581,5.968],[12.009,14.485],[0.158,0.186],[0.549,0.651],[-11.981,26.904],[3.119,20.947],[0,0],[1.397,7.68],[-3.565,0.206],[-17.995,-0.474]],"o":[[0,0],[0,0],[-18.199,0],[-7.847,-4.673],[-14.197,-12.874],[-0.158,-0.187],[-0.549,-0.661],[27.453,-9.301],[7.522,-16.896],[0,0],[-1.229,-8.266],[0.13,-0.456],[11.264,-0.632],[0.196,0.01]],"v":[[57.206,-96.069],[57.206,96.99],[57.187,96.99],[4.319,90.826],[-17.343,74.646],[-55.093,32.401],[-55.568,31.833],[-57.206,29.87],[-2.635,-11.726],[0.54,-71.297],[0.54,-71.306],[-3.612,-95.389],[2.262,-96.358],[56.629,-96.088]],"c":true},"ix":2},"nm":"Path 1","mn":"ADBE Vector Shape - Group","hd":false},{"ty":"fl","c":{"a":0,"k":[0.823999980852,0.663000009574,0.395999983245,1],"ix":4},"o":{"a":0,"k":100,"ix":5},"r":1,"bm":0,"nm":"Fill 1","mn":"ADBE Vector Graphic - Fill","hd":false},{"ty":"tr","p":{"a":0,"k":[171.105,359.393],"ix":2},"a":{"a":0,"k":[0,0],"ix":1},"s":{"a":0,"k":[100,100],"ix":3},"r":{"a":0,"k":0,"ix":6},"o":{"a":0,"k":100,"ix":7},"sk":{"a":0,"k":0,"ix":4},"sa":{"a":0,"k":0,"ix":5},"nm":"Transform"}],"nm":"Group 9","np":2,"cix":2,"bm":0,"ix":9,"mn":"ADBE Vector Group","hd":false},{"ty":"gr","it":[{"ind":0,"ty":"sh","ix":1,"ks":{"a":0,"k":{"i":[[1.716,3.983],[3.299,3.788],[4.943,0.095],[-5.945,-9.205],[-2.773,-4.696],[-12.673,-1.231],[-1.831,3.687],[4.064,6.099]],"o":[[-1.787,-4.154],[-3.005,-3.447],[-15.75,-0.29],[2.967,4.602],[4.698,7.949],[7.363,0.712],[3.494,-7.02],[-2.442,-3.674]],"v":[[9.244,-12.165],[4.468,-24.047],[-8.17,-30.007],[-19.841,-4.248],[-9.692,8.857],[9.099,29.585],[22.292,24.325],[17.328,-0.896]],"c":true},"ix":2},"nm":"Path 1","mn":"ADBE Vector Shape - Group","hd":false},{"ty":"fl","c":{"a":0,"k":[0.885999971278,0.705999995213,0.46699999641,1],"ix":4},"o":{"a":0,"k":100,"ix":5},"r":1,"bm":0,"nm":"Fill 1","mn":"ADBE Vector Graphic - Fill","hd":false},{"ty":"tr","p":{"a":0,"k":[127.299,227.056],"ix":2},"a":{"a":0,"k":[0,0],"ix":1},"s":{"a":0,"k":[100,100],"ix":3},"r":{"a":0,"k":0,"ix":6},"o":{"a":0,"k":100,"ix":7},"sk":{"a":0,"k":0,"ix":4},"sa":{"a":0,"k":0,"ix":5},"nm":"Transform"}],"nm":"Group 10","np":2,"cix":2,"bm":0,"ix":10,"mn":"ADBE Vector Group","hd":false},{"ty":"gr","it":[{"ind":0,"ty":"sh","ix":1,"ks":{"a":0,"k":{"i":[[-2.277,-6.074],[15.382,-23.941],[3.703,72.818],[67.064,2.753],[10.058,-19.237],[15.931,-14.205],[-45.55,-69.888],[5.771,21.402],[-13.532,19.433],[-2.141,0.745],[-1.99,-2.399],[-0.641,-2.911],[-19.979,-20.474],[-12.429,24.648],[-13.098,29.072],[-1.463,-2.993]],"o":[[9.575,25.569],[42.488,-66.12],[-2.955,-58.196],[-24.115,-0.985],[-21.918,-5.26],[-81.654,72.823],[-12.789,-19.621],[-5.332,-19.786],[1.203,-1.724],[3.148,-1.099],[1.988,2.399],[5.641,25.499],[18.114,18.561],[13.992,-27.753],[3.034,-1.882],[2.874,5.878]],"v":[[126.185,55.137],[127.597,163.726],[161.121,-51.646],[35.611,-162.741],[-26.726,-138.624],[-88.431,-120.7],[-44.84,147.298],[-58.226,77.297],[-53.825,25.174],[-49.069,20.938],[-40.242,23.829],[-36.928,32.157],[-5.148,116.805],[60.943,114.128],[110.397,32.548],[118.46,37.195]],"c":true},"ix":2},"nm":"Path 1","mn":"ADBE Vector Shape - Group","hd":false},{"ty":"fl","c":{"a":0,"k":[0.255000005984,0.250999989229,0.258999992819,1],"ix":4},"o":{"a":0,"k":100,"ix":5},"r":1,"bm":0,"nm":"Fill 1","mn":"ADBE Vector Graphic - Fill","hd":false},{"ty":"tr","p":{"a":0,"k":[204.662,204.976],"ix":2},"a":{"a":0,"k":[0,0],"ix":1},"s":{"a":0,"k":[100,100],"ix":3},"r":{"a":0,"k":0,"ix":6},"o":{"a":0,"k":100,"ix":7},"sk":{"a":0,"k":0,"ix":4},"sa":{"a":0,"k":0,"ix":5},"nm":"Transform"}],"nm":"Group 11","np":2,"cix":2,"bm":0,"ix":11,"mn":"ADBE Vector Group","hd":false},{"ty":"gr","it":[{"ind":0,"ty":"sh","ix":1,"ks":{"a":0,"k":{"i":[[0,-125.956],[48.427,-41.817],[36.111,-8.574],[0,0],[18.2,0],[0,0],[0,0],[16.962,4.031],[27.184,23.488],[0,69.01],[-125.956,0]],"o":[[0,69.01],[-27.183,23.478],[-0.01,0],[-16.971,4.031],[0,0],[0,0],[-18.2,0],[-36.12,-8.574],[-48.427,-41.817],[0,-125.956],[125.957,0]],"v":[[228.061,0.005],[148.987,172.675],[52.905,221.894],[52.895,221.903],[0.018,228.066],[-0.001,228.066],[-0.019,228.066],[-52.887,221.903],[-148.988,172.675],[-228.061,0.005],[-0.001,-228.066]],"c":true},"ix":2},"nm":"Path 1","mn":"ADBE Vector Shape - Group","hd":false},{"ty":"fl","c":{"a":0,"k":[0.936999990426,0.490000017952,0.102000000898,1],"ix":4},"o":{"a":0,"k":100,"ix":5},"r":1,"bm":0,"nm":"Fill 1","mn":"ADBE Vector Graphic - Fill","hd":false},{"ty":"tr","p":{"a":0,"k":[228.312,228.316],"ix":2},"a":{"a":0,"k":[0,0],"ix":1},"s":{"a":0,"k":[100,100],"ix":3},"r":{"a":0,"k":0,"ix":6},"o":{"a":0,"k":100,"ix":7},"sk":{"a":0,"k":0,"ix":4},"sa":{"a":0,"k":0,"ix":5},"nm":"Transform"}],"nm":"Group 12","np":2,"cix":2,"bm":0,"ix":12,"mn":"ADBE Vector Group","hd":false}],"ip":20.0000008146167,"op":151.000006150356,"st":20.0000008146167,"bm":0},{"ddd":0,"ind":6,"ty":4,"nm":"Mobile on hand Outlines","sr":1,"ks":{"o":{"a":0,"k":100,"ix":11},"r":{"a":1,"k":[{"i":{"x":[0.295],"y":[1]},"o":{"x":[0.333],"y":[0]},"t":0,"s":[-90]},{"t":17.0000006924242,"s":[0]}],"ix":10},"p":{"a":1,"k":[{"i":{"x":0.667,"y":1},"o":{"x":0.333,"y":0},"t":0,"s":[32.485,1187.087,0],"to":[0.019,-31.058,0],"ti":[-0.019,31.058,0]},{"t":17.0000006924242,"s":[32.601,1000.74,0]}],"ix":2,"l":2},"a":{"a":0,"k":[0.25,1352.898,0],"ix":1,"l":2},"s":{"a":1,"k":[{"i":{"x":[0.299,0.299,0.667],"y":[1,1,1]},"o":{"x":[0.333,0.333,0.333],"y":[0,0,0]},"t":0,"s":[0,0,100]},{"t":17.0000006924242,"s":[46,46,100]}],"ix":6,"l":2}},"ao":0,"shapes":[{"ty":"gr","it":[{"ind":0,"ty":"sh","ix":1,"ks":{"a":0,"k":{"i":[[2.327,0.215],[0,0],[0,0],[-18.386,23.795],[0,0],[-0.065,-0.317]],"o":[[-0.047,-0.009],[0,0],[-6.386,-81.904],[33.952,9.84],[0.065,0.317],[27.965,143.364]],"v":[[-9.276,84.529],[-9.351,84.52],[-9.472,84.483],[-29.273,-88.197],[19.509,-56.117],[19.695,-55.167]],"c":true},"ix":2},"nm":"Path 1","mn":"ADBE Vector Shape - Group","hd":false},{"ty":"fl","c":{"a":0,"k":[0.984000052658,0.819999964097,0.685999971278,1],"ix":4},"o":{"a":0,"k":100,"ix":5},"r":1,"bm":0,"nm":"Fill 1","mn":"ADBE Vector Graphic - Fill","hd":false},{"ty":"tr","p":{"a":0,"k":[348.825,220.431],"ix":2},"a":{"a":0,"k":[0,0],"ix":1},"s":{"a":0,"k":[100,100],"ix":3},"r":{"a":0,"k":0,"ix":6},"o":{"a":0,"k":100,"ix":7},"sk":{"a":0,"k":0,"ix":4},"sa":{"a":0,"k":0,"ix":5},"nm":"Transform"}],"nm":"Group 1","np":2,"cix":2,"bm":0,"ix":1,"mn":"ADBE Vector Group","hd":false},{"ty":"gr","it":[{"ind":0,"ty":"sh","ix":1,"ks":{"a":0,"k":{"i":[[9.285,7.825],[-22.869,24.297],[-17.841,-1.579],[-10.888,-16.2],[0,0],[26.942,3.665]],"o":[[-13.104,-11.045],[12.275,-13.041],[12.896,1.141],[25.405,37.796],[0,0],[-12.032,-1.637]],"v":[[-42.842,27.991],[-44.142,-25.707],[3.427,-44.332],[41.606,-21.363],[24.741,40.158],[-10.078,42.246]],"c":true},"ix":2},"nm":"Path 1","mn":"ADBE Vector Shape - Group","hd":false},{"ty":"fl","c":{"a":0,"k":[0.984000052658,0.819999964097,0.685999971278,1],"ix":4},"o":{"a":0,"k":100,"ix":5},"r":1,"bm":0,"nm":"Fill 1","mn":"ADBE Vector Graphic - Fill","hd":false},{"ty":"tr","p":{"a":0,"k":[986.272,853.537],"ix":2},"a":{"a":0,"k":[0,0],"ix":1},"s":{"a":0,"k":[100,100],"ix":3},"r":{"a":0,"k":0,"ix":6},"o":{"a":0,"k":100,"ix":7},"sk":{"a":0,"k":0,"ix":4},"sa":{"a":0,"k":0,"ix":5},"nm":"Transform"}],"nm":"Group 2","np":2,"cix":2,"bm":0,"ix":2,"mn":"ADBE Vector Group","hd":false},{"ty":"gr","it":[{"ind":0,"ty":"sh","ix":1,"ks":{"a":0,"k":{"i":[[0,0],[-20.273,-36.955],[12.141,0.787]],"o":[[0,0],[20.274,36.955],[-12.141,-0.787]],"v":[[-37.184,-38.794],[16.91,-12.051],[-13.424,48.219]],"c":true},"ix":2},"nm":"Path 1","mn":"ADBE Vector Shape - Group","hd":false},{"ty":"fl","c":{"a":0,"k":[0.910000011968,0.532999973671,0.380000005984,1],"ix":4},"o":{"a":0,"k":100,"ix":5},"r":1,"bm":0,"nm":"Fill 1","mn":"ADBE Vector Graphic - Fill","hd":false},{"ty":"tr","p":{"a":0,"k":[1017.91,847.919],"ix":2},"a":{"a":0,"k":[0,0],"ix":1},"s":{"a":0,"k":[100,100],"ix":3},"r":{"a":0,"k":0,"ix":6},"o":{"a":0,"k":100,"ix":7},"sk":{"a":0,"k":0,"ix":4},"sa":{"a":0,"k":0,"ix":5},"nm":"Transform"}],"nm":"Group 3","np":2,"cix":2,"bm":0,"ix":3,"mn":"ADBE Vector Group","hd":false},{"ty":"gr","it":[{"ind":0,"ty":"sh","ix":1,"ks":{"a":0,"k":{"i":[[12.032,5.679],[-17.391,32.158],[-19.338,3.341],[-16.083,-14.096],[0,0],[29.563,-3.69]],"o":[[-16.981,-8.015],[9.336,-17.261],[13.979,-2.415],[37.528,32.892],[0,0],[-13.203,1.648]],"v":[[-39.618,42.238],[-56.086,-14.267],[-10.94,-47.36],[35.948,-33.764],[35.377,36.132],[-0.913,48.128]],"c":true},"ix":2},"nm":"Path 1","mn":"ADBE Vector Shape - Group","hd":false},{"ty":"fl","c":{"a":0,"k":[0.984000052658,0.819999964097,0.685999971278,1],"ix":4},"o":{"a":0,"k":100,"ix":5},"r":1,"bm":0,"nm":"Fill 1","mn":"ADBE Vector Graphic - Fill","hd":false},{"ty":"tr","p":{"a":0,"k":[1001.092,634.64],"ix":2},"a":{"a":0,"k":[0,0],"ix":1},"s":{"a":0,"k":[100,100],"ix":3},"r":{"a":0,"k":0,"ix":6},"o":{"a":0,"k":100,"ix":7},"sk":{"a":0,"k":0,"ix":4},"sa":{"a":0,"k":0,"ix":5},"nm":"Transform"}],"nm":"Group 4","np":2,"cix":2,"bm":0,"ix":4,"mn":"ADBE Vector Group","hd":false},{"ty":"gr","it":[{"ind":0,"ty":"sh","ix":1,"ks":{"a":0,"k":{"i":[[0,0],[-31.856,-33.441],[13.08,-2.58]],"o":[[0,0],[31.856,33.442],[-13.08,2.578]],"v":[[-48.33,-33.868],[16.474,-20.747],[1.286,51.609]],"c":true},"ix":2},"nm":"Path 1","mn":"ADBE Vector Shape - Group","hd":false},{"ty":"fl","c":{"a":0,"k":[0.910000011968,0.532999973671,0.380000005984,1],"ix":4},"o":{"a":0,"k":100,"ix":5},"r":1,"bm":0,"nm":"Fill 1","mn":"ADBE Vector Graphic - Fill","hd":false},{"ty":"tr","p":{"a":0,"k":[1028.957,623.583],"ix":2},"a":{"a":0,"k":[0,0],"ix":1},"s":{"a":0,"k":[100,100],"ix":3},"r":{"a":0,"k":0,"ix":6},"o":{"a":0,"k":100,"ix":7},"sk":{"a":0,"k":0,"ix":4},"sa":{"a":0,"k":0,"ix":5},"nm":"Transform"}],"nm":"Group 5","np":2,"cix":2,"bm":0,"ix":5,"mn":"ADBE Vector Group","hd":false},{"ty":"gr","it":[{"ind":0,"ty":"sh","ix":1,"ks":{"a":0,"k":{"i":[[14.241,4.328],[-14.018,38.42],[-20.86,6.843],[-20.094,-12.986],[0,0],[32.119,-8.893]],"o":[[-20.098,-6.107],[7.524,-20.623],[15.079,-4.946],[46.884,30.298],[0,0],[-14.344,3.97]],"v":[[-38.361,52.532],[-65.777,-7.326],[-21.196,-51.296],[32.911,-43.875],[43.647,33.576],[5.436,52.757]],"c":true},"ix":2},"nm":"Path 1","mn":"ADBE Vector Shape - Group","hd":false},{"ty":"fl","c":{"a":0,"k":[0.984000052658,0.819999964097,0.685999971278,1],"ix":4},"o":{"a":0,"k":100,"ix":5},"r":1,"bm":0,"nm":"Fill 1","mn":"ADBE Vector Graphic - Fill","hd":false},{"ty":"tr","p":{"a":0,"k":[1013.521,403.436],"ix":2},"a":{"a":0,"k":[0,0],"ix":1},"s":{"a":0,"k":[100,100],"ix":3},"r":{"a":0,"k":0,"ix":6},"o":{"a":0,"k":100,"ix":7},"sk":{"a":0,"k":0,"ix":4},"sa":{"a":0,"k":0,"ix":5},"nm":"Transform"}],"nm":"Group 6","np":2,"cix":2,"bm":0,"ix":6,"mn":"ADBE Vector Group","hd":false},{"ty":"gr","it":[{"ind":0,"ty":"sh","ix":1,"ks":{"a":0,"k":{"i":[[0,0],[-40.696,-31.83],[14.057,-4.981]],"o":[[0,0],[40.697,31.83],[-14.057,4.982]],"v":[[-57.277,-31.833],[16.58,-27.852],[11.539,54.7]],"c":true},"ix":2},"nm":"Path 1","mn":"ADBE Vector Shape - Group","hd":false},{"ty":"fl","c":{"a":0,"k":[0.910000011968,0.532999973671,0.380000005984,1],"ix":4},"o":{"a":0,"k":100,"ix":5},"r":1,"bm":0,"nm":"Fill 1","mn":"ADBE Vector Graphic - Fill","hd":false},{"ty":"tr","p":{"a":0,"k":[1039.456,388.218],"ix":2},"a":{"a":0,"k":[0,0],"ix":1},"s":{"a":0,"k":[100,100],"ix":3},"r":{"a":0,"k":0,"ix":6},"o":{"a":0,"k":100,"ix":7},"sk":{"a":0,"k":0,"ix":4},"sa":{"a":0,"k":0,"ix":5},"nm":"Transform"}],"nm":"Group 7","np":2,"cix":2,"bm":0,"ix":7,"mn":"ADBE Vector Group","hd":false},{"ty":"gr","it":[{"ind":0,"ty":"sh","ix":1,"ks":{"a":0,"k":{"i":[[-21.204,-85.634],[64.714,-11.986],[9.226,70.378]],"o":[[12.366,40.633],[-64.714,11.983],[-14.282,-80.831]],"v":[[101.625,-15.142],[24.597,84.869],[-99.708,30.397]],"c":true},"ix":2},"nm":"Path 1","mn":"ADBE Vector Shape - Group","hd":false},{"ty":"fl","c":{"a":0,"k":[1,0.698000021542,0.592000026329,1],"ix":4},"o":{"a":0,"k":100,"ix":5},"r":1,"bm":0,"nm":"Fill 1","mn":"ADBE Vector Graphic - Fill","hd":false},{"ty":"tr","p":{"a":0,"k":[1015.519,821.639],"ix":2},"a":{"a":0,"k":[0,0],"ix":1},"s":{"a":0,"k":[100,100],"ix":3},"r":{"a":0,"k":0,"ix":6},"o":{"a":0,"k":100,"ix":7},"sk":{"a":0,"k":0,"ix":4},"sa":{"a":0,"k":0,"ix":5},"nm":"Transform"}],"nm":"Group 8","np":2,"cix":2,"bm":0,"ix":8,"mn":"ADBE Vector Group","hd":false},{"ty":"gr","it":[{"ind":0,"ty":"sh","ix":1,"ks":{"a":0,"k":{"i":[[-38.35,-45.539],[36.62,117.957],[-52.731,31.159]],"o":[[86.396,91.292],[-23.967,-62.319],[52.73,-31.159]],"v":[[70.547,-93.527],[-132.976,21.108],[-65.863,-105.924]],"c":true},"ix":2},"nm":"Path 1","mn":"ADBE Vector Shape - Group","hd":false},{"ty":"fl","c":{"a":0,"k":[1,0.698000021542,0.592000026329,1],"ix":4},"o":{"a":0,"k":100,"ix":5},"r":1,"bm":0,"nm":"Fill 1","mn":"ADBE Vector Graphic - Fill","hd":false},{"ty":"tr","p":{"a":0,"k":[1058.371,643.977],"ix":2},"a":{"a":0,"k":[0,0],"ix":1},"s":{"a":0,"k":[100,100],"ix":3},"r":{"a":0,"k":0,"ix":6},"o":{"a":0,"k":100,"ix":7},"sk":{"a":0,"k":0,"ix":4},"sa":{"a":0,"k":0,"ix":5},"nm":"Transform"}],"nm":"Group 9","np":2,"cix":2,"bm":0,"ix":9,"mn":"ADBE Vector Group","hd":false},{"ty":"gr","it":[{"ind":0,"ty":"sh","ix":1,"ks":{"a":0,"k":{"i":[[-52.2,23.573],[-19.522,-54.873],[47.936,-31.159],[35.953,50.334]],"o":[[26.859,-10.781],[27.751,78.001],[-47.938,31.158],[-61.359,-89.84]],"v":[[18.914,-100.376],[116.272,-49.431],[53.956,65.616],[-82.664,60.822]],"c":true},"ix":2},"nm":"Path 1","mn":"ADBE Vector Shape - Group","hd":false},{"ty":"fl","c":{"a":0,"k":[1,0.698000021542,0.592000026329,1],"ix":4},"o":{"a":0,"k":100,"ix":5},"r":1,"bm":0,"nm":"Fill 1","mn":"ADBE Vector Graphic - Fill","hd":false},{"ty":"tr","p":{"a":0,"k":[1022.442,393.342],"ix":2},"a":{"a":0,"k":[0,0],"ix":1},"s":{"a":0,"k":[100,100],"ix":3},"r":{"a":0,"k":0,"ix":6},"o":{"a":0,"k":100,"ix":7},"sk":{"a":0,"k":0,"ix":4},"sa":{"a":0,"k":0,"ix":5},"nm":"Transform"}],"nm":"Group 10","np":2,"cix":2,"bm":0,"ix":10,"mn":"ADBE Vector Group","hd":false},{"ty":"gr","it":[{"ind":0,"ty":"sh","ix":1,"ks":{"a":0,"k":{"i":[[0,0],[0,0],[0,0],[0,0]],"o":[[0,0],[0,0],[0,0],[0,0]],"v":[[81.63,3.907],[-81.63,3.907],[-81.63,-3.907],[81.63,-3.907]],"c":true},"ix":2},"nm":"Path 1","mn":"ADBE Vector Shape - Group","hd":false},{"ty":"fl","c":{"a":0,"k":[1,1,1,1],"ix":4},"o":{"a":0,"k":100,"ix":5},"r":1,"bm":0,"nm":"Fill 1","mn":"ADBE Vector Graphic - Fill","hd":false},{"ty":"tr","p":{"a":0,"k":[738.492,36.723],"ix":2},"a":{"a":0,"k":[0,0],"ix":1},"s":{"a":0,"k":[100,100],"ix":3},"r":{"a":0,"k":0,"ix":6},"o":{"a":0,"k":100,"ix":7},"sk":{"a":0,"k":0,"ix":4},"sa":{"a":0,"k":0,"ix":5},"nm":"Transform"}],"nm":"Group 11","np":2,"cix":2,"bm":0,"ix":11,"mn":"ADBE Vector Group","hd":false},{"ty":"gr","it":[{"ind":0,"ty":"sh","ix":1,"ks":{"a":0,"k":{"i":[[0,-7.673],[7.673,0],[0,7.674],[-7.674,0]],"o":[[0,7.674],[-7.674,0],[0,-7.673],[7.673,0]],"v":[[13.895,-0.001],[0,13.894],[-13.895,-0.001],[0,-13.894]],"c":true},"ix":2},"nm":"Path 1","mn":"ADBE Vector Shape - Group","hd":false},{"ty":"fl","c":{"a":0,"k":[1,1,1,1],"ix":4},"o":{"a":0,"k":100,"ix":5},"r":1,"bm":0,"nm":"Fill 1","mn":"ADBE Vector Graphic - Fill","hd":false},{"ty":"tr","p":{"a":0,"k":[563.076,31.947],"ix":2},"a":{"a":0,"k":[0,0],"ix":1},"s":{"a":0,"k":[100,100],"ix":3},"r":{"a":0,"k":0,"ix":6},"o":{"a":0,"k":100,"ix":7},"sk":{"a":0,"k":0,"ix":4},"sa":{"a":0,"k":0,"ix":5},"nm":"Transform"}],"nm":"Group 12","np":2,"cix":2,"bm":0,"ix":12,"mn":"ADBE Vector Group","hd":false},{"ty":"gr","it":[{"ind":0,"ty":"sh","ix":1,"ks":{"a":0,"k":{"i":[[0,0],[0,0],[0,0],[0,0]],"o":[[0,0],[0,0],[0,0],[0,0]],"v":[[288.729,540.578],[-288.729,540.578],[-288.729,-540.578],[288.729,-540.578]],"c":true},"ix":2},"nm":"Path 1","mn":"ADBE Vector Shape - Group","hd":false},{"ty":"fl","c":{"a":0,"k":[1,1,1,1],"ix":4},"o":{"a":0,"k":100,"ix":5},"r":1,"bm":0,"nm":"Fill 1","mn":"ADBE Vector Graphic - Fill","hd":false},{"ty":"tr","p":{"a":0,"k":[738.493,602.919],"ix":2},"a":{"a":0,"k":[0,0],"ix":1},"s":{"a":0,"k":[100,100],"ix":3},"r":{"a":0,"k":0,"ix":6},"o":{"a":0,"k":100,"ix":7},"sk":{"a":0,"k":0,"ix":4},"sa":{"a":0,"k":0,"ix":5},"nm":"Transform"}],"nm":"Group 13","np":2,"cix":2,"bm":0,"ix":13,"mn":"ADBE Vector Group","hd":false},{"ty":"gr","it":[{"ind":0,"ty":"sh","ix":1,"ks":{"a":0,"k":{"i":[[17.78,0],[0,0],[0,17.781],[0,0],[-17.78,0],[0,0],[0,-17.78],[0,0]],"o":[[0,0],[-17.78,0],[0,0],[0,-17.78],[0,0],[17.78,0],[0,0],[0,17.78]],"v":[[267.403,602.668],[-267.403,602.668],[-299.597,570.474],[-299.597,-570.474],[-267.403,-602.668],[267.403,-602.668],[299.597,-570.474],[299.597,570.474]],"c":true},"ix":2},"nm":"Path 1","mn":"ADBE Vector Shape - Group","hd":false},{"ty":"fl","c":{"a":0,"k":[0.275,0.517999985639,0.638999968884,1],"ix":4},"o":{"a":0,"k":100,"ix":5},"r":1,"bm":0,"nm":"Fill 1","mn":"ADBE Vector Graphic - Fill","hd":false},{"ty":"tr","p":{"a":0,"k":[738.493,602.919],"ix":2},"a":{"a":0,"k":[0,0],"ix":1},"s":{"a":0,"k":[100,100],"ix":3},"r":{"a":0,"k":0,"ix":6},"o":{"a":0,"k":100,"ix":7},"sk":{"a":0,"k":0,"ix":4},"sa":{"a":0,"k":0,"ix":5},"nm":"Transform"}],"nm":"Group 14","np":2,"cix":2,"bm":0,"ix":14,"mn":"ADBE Vector Group","hd":false},{"ty":"gr","it":[{"ind":0,"ty":"sh","ix":1,"ks":{"a":0,"k":{"i":[[51.547,-12.128],[8.25,41.696]],"o":[[60.158,8.786],[-1.712,45.149]],"v":[[-30.079,65.924],[-1.218,-74.71]],"c":true},"ix":2},"nm":"Path 1","mn":"ADBE Vector Shape - Group","hd":false},{"ty":"fl","c":{"a":0,"k":[0.910000011968,0.532999973671,0.380000005984,1],"ix":4},"o":{"a":0,"k":100,"ix":5},"r":1,"bm":0,"nm":"Fill 1","mn":"ADBE Vector Graphic - Fill","hd":false},{"ty":"tr","p":{"a":0,"k":[369.548,239.026],"ix":2},"a":{"a":0,"k":[0,0],"ix":1},"s":{"a":0,"k":[100,100],"ix":3},"r":{"a":0,"k":0,"ix":6},"o":{"a":0,"k":100,"ix":7},"sk":{"a":0,"k":0,"ix":4},"sa":{"a":0,"k":0,"ix":5},"nm":"Transform"}],"nm":"Group 15","np":2,"cix":2,"bm":0,"ix":15,"mn":"ADBE Vector Group","hd":false},{"ty":"gr","it":[{"ind":0,"ty":"sh","ix":1,"ks":{"a":0,"k":{"i":[[43.41,-194.92],[46.63,-51.275],[34.966,-26.085],[0,0],[0,0],[-35.534,61.935],[-44.387,135.694],[2.728,35.077],[-18.386,23.795],[-22.259,-121.413],[-45.318,-109.787]],"o":[[-1.843,7.959],[-45.476,50.011],[0,0],[0,0],[86.204,-165.372],[2.206,-200.989],[12.53,-38.326],[-6.387,-81.904],[48.734,-63.053],[8.667,98.837],[36.233,84.156]],"v":[[328.016,311.87],[222.429,396.286],[108.408,481.44],[80.87,641.859],[-371.425,641.859],[-133.552,187.422],[-44.052,-294.916],[-32.322,-406.125],[-52.123,-578.805],[112.363,-441.734],[153.986,-113.568]],"c":true},"ix":2},"nm":"Path 1","mn":"ADBE Vector Shape - Group","hd":false},{"ty":"fl","c":{"a":0,"k":[1,0.698000021542,0.592000026329,1],"ix":4},"o":{"a":0,"k":100,"ix":5},"r":1,"bm":0,"nm":"Fill 1","mn":"ADBE Vector Graphic - Fill","hd":false},{"ty":"tr","p":{"a":0,"k":[371.675,711.04],"ix":2},"a":{"a":0,"k":[0,0],"ix":1},"s":{"a":0,"k":[100,100],"ix":3},"r":{"a":0,"k":0,"ix":6},"o":{"a":0,"k":100,"ix":7},"sk":{"a":0,"k":0,"ix":4},"sa":{"a":0,"k":0,"ix":5},"nm":"Transform"}],"nm":"Group 16","np":2,"cix":2,"bm":0,"ix":16,"mn":"ADBE Vector Group","hd":false},{"ty":"gr","it":[{"ind":0,"ty":"sh","ix":1,"ks":{"a":0,"k":{"i":[[-51.625,21.309],[-12.859,25.191],[13.09,-7.451],[0,0]],"o":[[-1.401,-92.971],[-26.381,9.49],[0,0],[0,0]],"v":[[23.789,75.45],[63.749,-109.32],[-5.641,-76.644],[-63.749,109.32]],"c":true},"ix":2},"nm":"Path 1","mn":"ADBE Vector Shape - Group","hd":false},{"ty":"fl","c":{"a":0,"k":[0.910000011968,0.532999973671,0.380000005984,1],"ix":4},"o":{"a":0,"k":100,"ix":5},"r":1,"bm":0,"nm":"Fill 1","mn":"ADBE Vector Graphic - Fill","hd":false},{"ty":"tr","p":{"a":0,"k":[1021.509,174.274],"ix":2},"a":{"a":0,"k":[0,0],"ix":1},"s":{"a":0,"k":[100,100],"ix":3},"r":{"a":0,"k":0,"ix":6},"o":{"a":0,"k":100,"ix":7},"sk":{"a":0,"k":0,"ix":4},"sa":{"a":0,"k":0,"ix":5},"nm":"Transform"}],"nm":"Group 17","np":2,"cix":2,"bm":0,"ix":17,"mn":"ADBE Vector Group","hd":false},{"ty":"gr","it":[{"ind":0,"ty":"sh","ix":1,"ks":{"a":0,"k":{"i":[[0,0],[-51.625,21.309],[-17.28,7.633],[30.781,78.038],[43.948,-25.456]],"o":[[0,0],[15.088,-6.228],[76.356,-33.726],[-28.494,-74.642],[0,0]],"v":[[-137.358,133.092],[-49.821,99.222],[-1.019,78.383],[106.577,-58.45],[-73.16,-55.577]],"c":true},"ix":2},"nm":"Path 1","mn":"ADBE Vector Shape - Group","hd":false},{"ty":"fl","c":{"a":0,"k":[1,0.698000021542,0.592000026329,1],"ix":4},"o":{"a":0,"k":100,"ix":5},"r":1,"bm":0,"nm":"Fill 1","mn":"ADBE Vector Graphic - Fill","hd":false},{"ty":"tr","p":{"a":0,"k":[1095.119,150.502],"ix":2},"a":{"a":0,"k":[0,0],"ix":1},"s":{"a":0,"k":[100,100],"ix":3},"r":{"a":0,"k":0,"ix":6},"o":{"a":0,"k":100,"ix":7},"sk":{"a":0,"k":0,"ix":4},"sa":{"a":0,"k":0,"ix":5},"nm":"Transform"}],"nm":"Group 18","np":2,"cix":2,"bm":0,"ix":18,"mn":"ADBE Vector Group","hd":false}],"ip":0,"op":151.000006150356,"st":0,"bm":0}],"markers":[]}